Entity,Date,Seasonal variation,Combined measurements,Monthly averaged,Annual averaged,monthly_sea_surface_temperature_anomaly,Sea surface temp (lower-bound),Sea surface temp (upper-bound),Monthly pH measurement,Annual average,Temperature anomaly,Church & White,University of Hawaii,Average,arctic_sea_ice_osisaf,Monthly averaged,Annual averaged,Monthly averaged,Annual averaged
World,1979-01-15,,,,,0.1168,0.089,0.1395,,,0.08,-49.6140625,-56.81395408,-53.21401,,,,336.56,335.92
World,1979-01-16,,,,,,,,,,,,,,14029035,,,,
World,1979-02-15,,,,,0.10089,0.074,0.1245,,,-0.1,,,,,,,337.29,336.25
World,1979-02-16,,,,,,,,,,,,,,14603815,,,,
World,1979-03-15,,,,,0.12484,0.0995,0.146,,,0.19,,,,,,,337.88,336.51
World,1979-03-16,,,,,,,,,,,,,,14700348,,,,
World,1979-04-15,,,,,0.16694,0.141,0.1875,,,0.15,-49.38072917,-54.33004753,-51.85539,,,,338.32,336.72
World,1979-04-16,,,,,,,,,,,,,,14001157,,,,
World,1979-05-15,,,,,0.06124,0.037,0.0805,,,0.04,,,,,,,338.26,336.71
World,1979-05-16,,,,,,,,,,,,,,12419927,,,,
World,1979-06-15,,,,,0.14624,0.1215,0.167,,,0.14,,,,,,,337.38,336.61
World,1979-06-16,,,,,,,,,,,,,,10343658,,,,
World,1979-07-15,,,,,0.1406,0.1155,0.16,,,0.04,-46.8140625,-49.88668493,-48.35037,,,,335.56,336.4
World,1979-07-16,,,,,,,,,,,,,,7880899,,,,
World,1979-08-15,,,,,0.14303,0.119,0.161,,,0.17,,,,,,,334.37,336.65
World,1979-08-16,,,,,,,,,,,,,,6317055,,,,
World,1979-09-15,,,,,0.14577,0.122,0.1635,,,0.25,,,,,,,335.02,337.4
World,1979-09-16,,,,,,,,,,,,,,6326210,,,,
World,1979-10-15,,,,,0.14781,0.124,0.167,,,0.26,-39.38072917,-45.60846658,-42.4946,,,,336.36,337.71
World,1979-10-16,,,,,,,,,,,,,,7838349,,,,
World,1979-11-15,,,,,0.20862,0.185,0.228,,,0.28,,,,,,,337.36,337.68
World,1979-11-16,,,,,,,,,,,,,,9984953,,,,
World,1979-12-15,,,,,0.24243,0.218,0.261,,,0.48,,,,,,,337.85,337.62
World,1979-12-16,,,,,,,,,,,,,,12103841,,,,
World,1980-01-15,,,,,0.25157,0.2255,0.27,,,0.3,-37.68072917,-41.57064016,-39.62568,,,,338.55,337.91
World,1980-01-16,,,,,,,,,,,,,,13410131,,,,
World,1980-02-15,,,,,0.23164,0.206,0.249,,,0.39,,,,,,,339.26,338.23
World,1980-02-16,,,,,,,,,,,,,,14433888,,,,
World,1980-03-15,,,,,0.25545,0.2295,0.274,,,0.3,,,,,,,339.59,338.23
World,1980-03-16,,,,,,,,,,,,,,14465930,,,,
World,1980-04-15,,,,,0.17602,0.151,0.194,,,0.3,-38.9140625,-41.30867868,-40.11137,,,,339.99,338.39
World,1980-04-16,,,,,,,,,,,,,,13904450,,,,
World,1980-05-15,,,,,0.12537,0.1005,0.143,,,0.35,,,,,,,340.44,338.88
World,1980-05-16,,,,,,,,,,,,,,12256942,,,,
World,1980-06-15,,,,,0.13524,0.112,0.1535,,,0.2,,,,,,,339.99,339.22
World,1980-06-16,,,,,,,,,,,,,,10110526,,,,
World,1980-07-15,,,,,0.1391,0.1155,0.157,,,0.22,-41.88072917,-40.97321911,-41.42697,,,,338.44,339.28
World,1980-07-16,,,,,,,,,,,,,,8140746,,,,
World,1980-08-15,,,,,0.09764,0.074,0.115,,,0.18,,,,,,,337.21,339.5
World,1980-08-16,,,,,,,,,,,,,,6329219,,,,
World,1980-09-15,,,,,0.07866,0.0545,0.096,,,0.2,,,,,,,337.05,339.44
World,1980-09-16,,,,,,,,,,,,,,6511879,,,,
World,1980-10-15,,,,,0.02577,0.0035,0.0435,,,0.13,-40.98072917,-35.61619887,-38.29846,,,,337.83,339.17
World,1980-10-16,,,,,,,,,,,,,,8118864,,,,
World,1980-11-15,,,,,0.08411,0.06,0.103,,,0.3,,,,,,,338.93,339.26
World,1980-11-16,,,,,,,,,,,,,,10167739,,,,
World,1980-12-15,,,,,0.10377,0.081,0.1225,,,0.22,,,,,,,339.64,339.41
World,1980-12-16,,,,,,,,,,,,,,12224182,,,,
World,1981-01-15,,,,,0.07219,0.0475,0.091,,,0.53,-31.08072917,-29.86532757,-30.47303,,,,340.18,339.55
World,1981-01-16,,,,,,,,,,,,,,13379221,,,,
World,1981-02-15,,,,,0.03983,0.016,0.058,,,0.42,,,,,,,340.75,339.71
World,1981-02-16,,,,,,,,,,,,,,13965962,,,,
World,1981-03-15,,,,,0.10785,0.0835,0.1255,,,0.48,,,,,,,341.38,340.02
World,1981-03-16,,,,,,,,,,,,,,14135457,,,,
World,1981-04-15,,,,,0.10938,0.0845,0.1275,,,0.32,-26.8140625,-30.44417076,-28.62912,,,,341.68,340.08
World,1981-04-16,,,,,,,,,,,,,,13534716,,,,
World,1981-05-15,,,,,0.12588,0.101,0.144,,,0.25,,,,,,,341.43,339.88
World,1981-05-16,,,,,,,,,,,,,,12202290,,,,
World,1981-06-15,,,,,0.177,0.1525,0.195,,,0.29,,,,,,,340.63,339.86
World,1981-06-16,,,,,,,,,,,,,,10164639,,,,
World,1981-07-15,,,,,0.16883,0.144,0.187,,,0.32,-25.98072917,-31.33990185,-28.66032,,,,339.22,340.06
World,1981-07-16,,,,,,,,,,,,,,7834463,,,,
World,1981-08-15,,,,,0.11155,0.089,0.1285,,,0.35,,,,,,,338.08,340.37
World,1981-08-16,,,,,,,,,,,,,,5850381,,,,
World,1981-09-15,,,,,0.13541,0.1115,0.152,,,0.15,,,,,,,337.97,340.36
World,1981-09-16,,,,,,,,,,,,,,6133274,,,,
World,1981-10-15,,,,,0.10052,0.0775,0.1195,,,0.12,-25.9140625,-29.95058354,-27.93232,,,,339.07,340.42
World,1981-10-16,,,,,,,,,,,,,,7937188,,,,
World,1981-11-15,,,,,0.07942,0.057,0.098,,,0.23,,,,,,,340.18,340.5
World,1981-11-16,,,,,,,,,,,,,,9841265,,,,
World,1981-12-15,,,,,0.15354,0.129,0.173,,,0.41,,,,,,,340.75,340.52
World,1981-12-16,,,,,,,,,,,,,,12024842,,,,
World,1982-01-15,,,,,0.12605,0.1025,0.145,,,0.05,-30.2140625,-31.36688839,-30.79048,,,,341.37,340.74
World,1982-01-16,,,,,,,,,,,,,,13717111,,,,
World,1982-02-15,,,,,0.05902,0.0355,0.077,,,0.16,,,,,,,341.95,340.91
World,1982-02-16,,,,,,,,,,,,,,14492402,,,,
World,1982-03-15,,,,,0.046,0.022,0.0645,,,0.03,,,,,,,342.23,340.84
World,1982-03-16,,,,,,,,,,,,,,14541238,,,,
World,1982-04-15,,,,,0.08494,0.0605,0.1035,,,0.15,-35.3140625,-32.7850235,-34.04954,,,,342.51,340.91
World,1982-04-16,,,,,,,,,,,,,,13954498,,,,
World,1982-05-15,,,,,0.13069,0.1055,0.1495,,,0.18,,,,,,,342.36,340.82
World,1982-05-16,,,,,,,,,,,,,,12435955,,,,
World,1982-06-15,,,,,0.07581,0.051,0.0945,,,0.06,,,,,,,341.49,340.72
World,1982-06-16,,,,,,,,,,,,,,10531137,,,,
World,1982-07-15,,,,,0.03683,0.013,0.055,,,0.15,-37.88072917,-29.6891142,-33.78492,,,,339.75,340.61
World,1982-07-16,,,,,,,,,,,,,,8303106,,,,
World,1982-08-15,,,,,0.03219,0.0085,0.0495,,,0.04,,,,,,,338.11,340.4
World,1982-08-16,,,,,,,,,,,,,,6305036,,,,
World,1982-09-15,,,,,0.09427,0.0715,0.112,,,0.14,,,,,,,338.16,340.54
World,1982-09-16,,,,,,,,,,,,,,5928861,,,,
World,1982-10-15,,,,,0.15062,0.1285,0.1685,,,0.13,-28.6140625,-25.37309087,-26.99358,,,,339.61,340.97
World,1982-10-16,,,,,,,,,,,,,,8189854,,,,
World,1982-11-15,,,,,0.15976,0.137,0.1795,,,0.18,,,,,,,340.95,341.27
World,1982-11-16,,,,,,,,,,,,,,10422266,,,,
World,1982-12-15,,,,,0.18282,0.1595,0.2015,,,0.43,,,,,,,341.77,341.54
World,1982-12-16,,,,,,,,,,,,,,12255118,,,,
World,1983-01-15,,,,,0.29308,0.27,0.312,,,0.53,-23.54739583,-24.52746798,-24.03743,,,,342.37,341.71
World,1983-01-16,,,,,,,,,,,,,,13420159,,,,
World,1983-02-15,,,,,0.26493,0.242,0.284,,,0.43,,,,,,,342.74,341.7
World,1983-02-16,,,,,,,,,,,,,,14238753,,,,
World,1983-03-15,,,,,0.22078,0.1985,0.239,,,0.42,,,,,,,343.03,341.7
World,1983-03-16,,,,,,,,,,,,,,14353672,,,,
World,1983-04-15,,,,,0.21179,0.1875,0.229,,,0.28,-18.6140625,-27.78608947,-23.20008,,,,343.51,341.94
World,1983-04-16,,,,,,,,,,,,,,13464012,,,,
World,1983-05-15,,,,,0.22593,0.2025,0.2435,,,0.34,,,,,,,343.84,342.29
World,1983-05-16,,,,,,,,,,,,,,12078371,,,,
World,1983-06-15,,,,,0.24236,0.2185,0.26,,,0.23,,,,,,,343.5,342.71
World,1983-06-16,,,,,,,,,,,,,,10353220,,,,
World,1983-07-15,,,,,0.18568,0.1625,0.202,,,0.18,-22.28072917,-31.96590356,-27.12332,,1626.03,1635.14,342.14,342.9
World,1983-07-16,,,,,,,,,,,,,,8231720,,,,
World,1983-08-15,,,,,0.17991,0.157,0.196,,,0.36,,,,,1628.01,1635.67,340.63,342.86
World,1983-08-16,,,,,,,,,,,,,,6300154,,,,
World,1983-09-15,,,,,0.16864,0.146,0.186,,,0.37,,,,,1638.46,1636.25,340.54,342.96
World,1983-09-16,,,,,,,,,,,,,,6281437,,,,
World,1983-10-15,,,,,0.11885,0.0955,0.136,,,0.17,-30.64739583,-33.49638991,-32.07189,,1644.79,1636.88,341.75,343.15
World,1983-10-16,,,,,,,,,,,,,,8226727,,,,
World,1983-11-15,,,,,0.10875,0.086,0.1275,,,0.3,,,,,1642.6,1637.57,342.82,343.18
World,1983-11-16,,,,,,,,,,,,,,10257440,,,,
World,1983-12-15,,,,,0.11448,0.092,0.132,,,0.17,,,,,1639.51,1638.33,343.49,343.26
World,1983-12-16,,,,,,,,,,,,,,12014713,,,,
World,1984-01-15,,,,,0.11023,0.0865,0.129,,,0.31,-30.48072917,-32.67814249,-31.57944,,1638.65,1639.18,344.32,343.66
World,1984-01-16,,,,,,,,,,,,,,13007194,,,,
World,1984-02-15,,,,,0.11254,0.0895,0.1305,,,0.14,,,,,1638.77,1640.05,344.82,343.82
World,1984-02-16,,,,,,,,,,,,,,13733533,,,,
World,1984-03-15,,,,,0.08664,0.064,0.1045,,,0.26,,,,,1640.72,1640.97,344.96,343.6
World,1984-03-16,,,,,,,,,,,,,,14014973,,,,
World,1984-04-15,,,,,0.0816,0.058,0.0995,,,0.06,-25.04739583,-30.10078006,-27.57409,,1643.71,1642,345.19,343.56
World,1984-04-16,,,,,,,,,,,,,,13429706,,,,
World,1984-05-15,,,,,0.05779,0.0345,0.0755,,,0.33,,,,,1642.9,1643.06,345.33,343.78
World,1984-05-16,,,,,,,,,,,,,,12082073,,,,
World,1984-06-15,,,,,0.01969,-0.0045,0.038,,,0.02,,,,,1639.62,1644.15,344.57,343.8
World,1984-06-16,,,,,,,,,,,,,,10174779,,,,
World,1984-07-15,,,,,0.02741,0.003,0.046,,,0.19,-21.7140625,-28.37149093,-25.04278,,1637.76,1645.27,343.2,344.01
World,1984-07-16,,,,,,,,,,,,,,7720828,,,,
World,1984-08-15,,,,,0.07435,0.05,0.092,,,0.19,,,,,1641.35,1646.43,342.21,344.5
World,1984-08-16,,,,,,,,,,,,,,6041214,,,,
World,1984-09-15,,,,,0.14543,0.1205,0.1635,,,0.21,,,,,1650.42,1647.57,342.13,344.57
World,1984-09-16,,,,,,,,,,,,,,5723385,,,,
World,1984-10-15,,,,,-0.00592,-0.031,0.012,,,0.14,-24.8140625,-30.76577436,-27.78992,,1654.49,1648.71,342.99,344.37
World,1984-10-16,,,,,,,,,,,,,,7673372,,,,
World,1984-11-15,,,,,0.01917,-0.0045,0.0385,,,0.07,,,,,1653.67,1649.83,344.16,344.46
World,1984-11-16,,,,,,,,,,,,,,9599286,,,,
World,1984-12-15,,,,,-0.00438,-0.029,0.013,,,-0.04,,,,,1656.13,1650.94,345,344.72
World,1984-12-16,,,,,,,,,,,,,,11745795,,,,
World,1985-01-15,,,,,0.0418,0.0155,0.06,,,0.22,-31.68072917,-35.55047791,-33.6156,,1655.57,1652.05,345.36,344.66
World,1985-01-16,,,,,,,,,,,,,,13190187,,,,
World,1985-02-15,,,,,0.06341,0.035,0.082,,,-0.04,,,,,1652.24,1653.09,345.81,344.79
World,1985-02-16,,,,,,,,,,,,,,13916728,,,,
World,1985-03-15,,,,,0.04203,0.015,0.06,,,0.18,,,,,1654.61,1654.11,346.65,345.32
World,1985-03-16,,,,,,,,,,,,,,14300678,,,,
World,1985-04-15,,,,,-0.00224,-0.0285,0.016,,,0.12,-35.2140625,-35.80281479,-35.50844,,1658.17,1655.14,346.94,345.34
World,1985-04-16,,,,,,,,,,,,,,13834948,,,,
World,1985-05-15,,,,,0.05797,0.0315,0.077,,,0.14,,,,,1655.87,1656.17,346.78,345.21
World,1985-05-16,,,,,,,,,,,,,,12386229,,,,
World,1985-06-15,,,,,0.01848,-0.008,0.038,,,0.15,,,,,1650.07,1657.18,346.27,345.49
World,1985-06-16,,,,,,,,,,,,,,9896956,,,,
World,1985-07-15,,,,,0.05713,0.0325,0.076,,,0.04,-36.98072917,-33.03281913,-35.00677,,1646.75,1658.19,344.93,345.76
World,1985-07-16,,,,,,,,,,,,,,7680887,,,,
World,1985-08-15,,,,,0.04405,0.0205,0.062,,,0.17,,,,,1652.19,1659.21,343.42,345.73
World,1985-08-16,,,,,,,,,,,,,,5823174,,,,
World,1985-09-15,,,,,0.06887,0.0435,0.087,,,0.13,,,,,1662.52,1660.22,343.37,345.82
World,1985-09-16,,,,,,,,,,,,,,6049141,,,,
World,1985-10-15,,,,,0.07109,0.0465,0.088,,,0.12,-36.58072917,-33.82041015,-35.20057,,1667.52,1661.23,344.65,346.04
World,1985-10-16,,,,,,,,,,,,,,7778173,,,,
World,1985-11-15,,,,,0.02045,-0.0055,0.039,,,0.05,,,,,1666.81,1662.25,345.79,346.12
World,1985-11-16,,,,,,,,,,,,,,9869244,,,,
World,1985-12-15,,,,,0.05405,0.0305,0.071,,,0.14,,,,,1666.06,1663.28,346.54,346.25
World,1985-12-16,,,,,,,,,,,,,,11889134,,,,
World,1986-01-15,,,,,0.01101,-0.016,0.0295,,,0.26,-33.8140625,-34.42945832,-34.12176,,1666.23,1664.34,347.11,346.43
World,1986-01-16,,,,,,,,,,,,,,13393860,,,,
World,1986-02-15,,,,,0.0779,0.0505,0.097,,,0.37,,,,,1666.86,1665.35,347.34,346.35
World,1986-02-16,,,,,,,,,,,,,,14184983,,,,
World,1986-03-15,,,,,0.04211,0.0145,0.0605,,,0.3,,,,,1669.27,1666.37,347.71,346.39
World,1986-03-16,,,,,,,,,,,,,,14297169,,,,
World,1986-04-15,,,,,0.04472,0.018,0.0625,,,0.22,-33.78072917,-31.90917505,-32.84495,,1670.79,1667.43,348.22,346.61
World,1986-04-16,,,,,,,,,,,,,,,,,,
World,1986-05-15,,,,,0.05905,0.0325,0.0765,,,0.21,,,,,1668.44,1668.51,348.32,346.76
World,1986-05-16,,,,,,,,,,,,,,,,,,
World,1986-06-15,,,,,0.08629,0.0605,0.1055,,,0.12,,,,,1664.8,1669.58,347.76,346.99
World,1986-06-16,,,,,,,,,,,,,,,,,,
World,1986-07-15,,,,,0.07843,0.052,0.097,,,0.11,-35.18072917,-30.89147752,-33.0361,,1662.3,1670.67,346.3,347.14
World,1986-07-16,,,,,,,,,,,,,,8148968,,,,
World,1986-08-15,,,,,0.06021,0.0355,0.078,,,0.16,,,,,1664.35,1671.78,344.92,347.22
World,1986-08-16,,,,,,,,,,,,,,6264890,,,,
World,1986-09-15,,,,,0.11235,0.089,0.131,,,0.03,,,,,1672.6,1672.87,344.86,347.26
World,1986-09-16,,,,,,,,,,,,,,6594264,,,,
World,1986-10-15,,,,,0.1372,0.1125,0.156,,,0.15,-36.8140625,-30.1230909,-33.46858,,1678.68,1673.97,346.04,347.41
World,1986-10-16,,,,,,,,,,,,,,8393955,,,,
World,1986-11-15,,,,,0.10651,0.0805,0.1255,,,0.1,,,,,1679,1675.06,347.3,347.63
World,1986-11-16,,,,,,,,,,,,,,10300399,,,,
World,1986-12-15,,,,,0.07103,0.0445,0.0895,,,0.13,,,,,1679.13,1676.16,347.76,347.46
World,1986-12-16,,,,,,,,,,,,,,11897841,,,,
World,1987-01-15,,,,,0.09856,0.071,0.119,,,0.32,-33.84739583,-25.16374092,-29.50557,,1679.31,1677.26,348,347.23
World,1987-01-16,,,,,,,,,,,,,,13446924,,,,
World,1987-02-15,,,,,0.12999,0.103,0.149,,,0.43,,,,,1678.99,1678.3,348.55,347.45
World,1987-02-16,,,,,,,,,,,,,,14434669,,,,
World,1987-03-15,,,,,0.17422,0.1475,0.193,,,0.19,,,,,1680.13,1679.32,349.27,347.86
World,1987-03-16,,,,,,,,,,,,,,14080682,,,,
World,1987-04-15,,,,,0.15043,0.1235,0.169,,,0.24,-34.28072917,-23.52944719,-28.90509,,1681.41,1680.36,349.96,348.27
World,1987-04-16,,,,,,,,,,,,,,13607512,,,,
World,1987-05-15,,,,,0.20243,0.1745,0.22,,,0.26,,,,,1681.86,1681.38,350.23,348.66
World,1987-05-16,,,,,,,,,,,,,,12170830,,,,
World,1987-06-15,,,,,0.20121,0.174,0.22,,,0.35,,,,,1680.04,1682.36,349.47,348.8
World,1987-06-16,,,,,,,,,,,,,,10349169,,,,
World,1987-07-15,,,,,0.28677,0.2605,0.306,,,0.4,-33.24739583,-29.54970982,-31.39855,,1675.97,1683.32,347.89,348.87
World,1987-07-16,,,,,,,,,,,,,,8248097,,,,
World,1987-08-15,,,,,0.33825,0.312,0.356,,,0.25,,,,,1677.14,1684.26,346.65,349.03
World,1987-08-16,,,,,,,,,,,,,,6046353,,,,
World,1987-09-15,,,,,0.32505,0.2995,0.343,,,0.35,,,,,1685.62,1685.15,346.69,349.13
World,1987-09-16,,,,,,,,,,,,,,6487789,,,,
World,1987-10-15,,,,,0.27552,0.251,0.2935,,,0.33,-37.6140625,-31.01720324,-34.31563,,1691.57,1686.02,347.96,349.34
World,1987-10-16,,,,,,,,,,,,,,8216487,,,,
World,1987-11-15,,,,,0.33157,0.3055,0.3515,,,0.29,,,,,1691.16,1686.86,349.25,349.57
World,1987-11-16,,,,,,,,,,,,,,10182747,,,,
World,1987-12-15,,,,,0.27771,0.2515,0.2955,,,0.46,,,,,1690.51,1687.69,350.19,349.87
World,1987-12-16,,,,,,,,,,,,,,,,,,
World,1988-01-15,,,,,0.34245,0.3135,0.3615,,,0.57,-31.4140625,-24.54146997,-27.97777,,1691.95,1688.53,350.91,350.14
World,1988-01-16,,,,,,,,,,,,,,13716950,,,,
World,1988-02-15,,,,,0.31793,0.2895,0.336,,,0.44,,,,,1692.48,1689.32,351.47,350.37
World,1988-02-16,,,,,,,,,,,,,,14233521,,,,
World,1988-03-15,,,,,0.29256,0.264,0.31,,,0.52,,,,,1691.29,1690.11,351.85,350.39
World,1988-03-16,,,,,,,,,,,,,,14572140,,,,
World,1988-04-15,,,,,0.26454,0.2365,0.282,,,0.43,-31.64739583,-23.12427568,-27.38584,,1689.98,1690.95,352.29,350.52
World,1988-04-16,,,,,,,,,,,,,,13669276,,,,
World,1988-05-15,,,,,0.23826,0.2095,0.2555,,,0.44,,,,,1689.03,1691.79,352.46,350.83
World,1988-05-16,,,,,,,,,,,,,,11877564,,,,
World,1988-06-15,,,,,0.22971,0.202,0.2465,,,0.4,,,,,1687.15,1692.66,351.76,351.07
World,1988-06-16,,,,,,,,,,,,,,9952342,,,,
World,1988-07-15,,,,,0.21638,0.1895,0.2335,,,0.33,-28.84739583,-25.0717923,-26.95959,,1685.89,1693.55,350.28,351.26
World,1988-07-16,,,,,,,,,,,,,,7824401,,,,
World,1988-08-15,,,,,0.22115,0.1955,0.2385,,,0.39,,,,,1689.35,1694.48,349.1,351.55
World,1988-08-16,,,,,,,,,,,,,,6034897,,,,
World,1988-09-15,,,,,0.17511,0.1495,0.1925,,,0.37,,,,,1696.28,1695.43,349.27,351.79
World,1988-09-16,,,,,,,,,,,,,,6218868,,,,
World,1988-10-15,,,,,0.12887,0.1025,0.147,,,0.38,-26.5140625,-26.86170176,-26.68788,,1701.31,1696.4,350.44,351.85
World,1988-10-16,,,,,,,,,,,,,,8285701,,,,
World,1988-11-15,,,,,0.06343,0.037,0.08,,,0.12,,,,,1702.9,1697.38,351.61,351.97
World,1988-11-16,,,,,,,,,,,,,,10350936,,,,
World,1988-12-15,,,,,0.01099,-0.0155,0.0275,,,0.29,,,,,1702,1698.39,352.46,352.16
World,1988-12-16,,,,,,,,,,,,,,12423566,,,,
World,1989-01-15,,,,,0.06844,0.0395,0.087,,,0.13,-31.84739583,-28.08075032,-29.96407,,1700.55,1699.42,353,352.19
World,1989-01-16,,,,,,,,,,,,,,13711712,,,,
World,1989-02-15,,,,,0.0974,0.0695,0.115,,,0.3,,,,,1701.08,1700.4,353.46,352.33
World,1989-02-16,,,,,,,,,,,,,,14070427,,,,
World,1989-03-15,,,,,0.10778,0.0795,0.126,,,0.36,,,,,1702.55,1701.39,354,352.58
World,1989-03-16,,,,,,,,,,,,,,13914979,,,,
World,1989-04-15,,,,,0.14366,0.1165,0.1615,,,0.29,-24.6140625,-23.92402054,-24.26904,,1703.65,1702.39,354.37,352.6
World,1989-04-16,,,,,,,,,,,,,,12925836,,,,
World,1989-05-15,,,,,0.13879,0.11,0.157,,,0.17,,,,,1703.42,1703.38,354.19,352.51
World,1989-05-16,,,,,,,,,,,,,,11684679,,,,
World,1989-06-15,,,,,0.15667,0.1295,0.174,,,0.17,,,,,1700.27,1704.35,353.26,352.57
World,1989-06-16,,,,,,,,,,,,,,10205803,,,,
World,1989-07-15,,,,,0.25554,0.229,0.2735,,,0.34,-25.14739583,-21.49591391,-23.32165,,1698.21,1705.3,351.56,352.58
World,1989-07-16,,,,,,,,,,,,,,7862383,,,,
World,1989-08-15,,,,,0.29296,0.266,0.3105,,,0.33,,,,,1701.97,1706.23,350.21,352.69
World,1989-08-16,,,,,,,,,,,,,,6066695,,,,
World,1989-09-15,,,,,0.22262,0.196,0.24,,,0.34,,,,,1707.19,1707.12,350.56,353.1
World,1989-09-16,,,,,,,,,,,,,,5680812,,,,
World,1989-10-15,,,,,0.16375,0.137,0.183,,,0.29,-22.24739583,-21.38139724,-21.8144,,1710.51,1707.98,351.85,353.27
World,1989-10-16,,,,,,,,,,,,,,7856424,,,,
World,1989-11-15,,,,,0.1886,0.162,0.2075,,,0.2,,,,,1713.08,1708.8,353.03,353.38
World,1989-11-16,,,,,,,,,,,,,,10063207,,,,
World,1989-12-15,,,,,0.18015,0.1525,0.1975,,,0.37,,,,,1713.18,1709.59,353.9,353.58
World,1989-12-16,,,,,,,,,,,,,,12142104,,,,
World,1990-01-15,,,,,0.20219,0.173,0.221,,,0.41,-25.24739583,-21.5530319,-23.40021,,1711.98,1710.36,354.45,353.67
World,1990-01-16,,,,,,,,,,,,,,13284368,,,,
World,1990-02-15,,,,,0.29701,0.268,0.316,,,0.44,,,,,1713.34,1711.07,354.87,353.81
World,1990-02-16,,,,,,,,,,,,,,13946709,,,,
World,1990-03-15,,,,,0.29924,0.2715,0.3175,,,0.8,,,,,1714.37,1711.75,355.19,353.76
World,1990-03-16,,,,,,,,,,,,,,14104900,,,,
World,1990-04-15,,,,,0.34484,0.3185,0.362,,,0.56,-28.3140625,-19.81709396,-24.06558,,1712.62,1712.43,355.5,353.73
World,1990-04-16,,,,,,,,,,,,,,12862342,,,,
World,1990-05-15,,,,,0.31251,0.285,0.3315,,,0.45,,,,,1710.68,1713.1,355.39,353.74
World,1990-05-16,,,,,,,,,,,,,,11312620,,,,
World,1990-06-15,,,,,0.28464,0.257,0.303,,,0.37,,,,,1708.35,1713.76,354.3,353.65
World,1990-06-16,,,,,,,,,,,,,,9464247,,,,
World,1990-07-15,,,,,0.31934,0.291,0.337,,,0.46,-22.84739583,-13.92152244,-18.38446,,1706.35,1714.42,352.7,353.79
World,1990-07-16,,,,,,,,,,,,,,7426480,,,,
World,1990-08-15,,,,,0.29553,0.269,0.3135,,,0.34,,,,,1710.09,1715.11,351.6,354.1
World,1990-08-16,,,,,,,,,,,,,,5461052,,,,
World,1990-09-15,,,,,0.27693,0.2495,0.295,,,0.23,,,,,1717.57,1715.82,351.8,354.31
World,1990-09-16,,,,,,,,,,,,,,5275759,,,,
World,1990-10-15,,,,,0.34971,0.323,0.3685,,,0.45,-19.48072917,-13.2502719,-16.3655,,1722.03,1716.57,353.18,354.59
World,1990-10-16,,,,,,,,,,,,,,7381756,,,,
World,1990-11-15,,,,,0.27073,0.2435,0.289,,,0.46,,,,,1723.5,1717.37,354.44,354.69
World,1990-11-16,,,,,,,,,,,,,,10140835,,,,
World,1990-12-15,,,,,0.27837,0.2515,0.2965,,,0.41,,,,,1723.36,1718.24,355.18,354.75
World,1990-12-16,,,,,,,,,,,,,,11888097,,,,
World,1991-01-15,,,,,0.291,0.2615,0.3105,,,0.43,-20.34739583,-15.96368124,-18.15554,,1721.6,1719.19,355.75,354.96
World,1991-01-16,,,,,,,,,,,,,,13068856,,,,
World,1991-02-15,,,,,0.25655,0.228,0.2745,,,0.5,,,,,1721.22,1720.17,356.18,355.09
World,1991-02-16,,,,,,,,,,,,,,13947642,,,,
World,1991-03-15,,,,,0.28354,0.256,0.301,,,0.35,,,,,1722.14,1721.23,356.69,355.25
World,1991-03-16,,,,,,,,,,,,,,14074066,,,,
World,1991-04-15,,,,,0.34787,0.3195,0.365,,,0.51,-21.8140625,-13.35714507,-17.5856,,1722.53,1722.39,357.2,355.45
World,1991-04-16,,,,,,,,,,,,,,13423247,,,,
World,1991-05-15,,,,,0.35327,0.327,0.3705,,,0.34,,,,,1722.2,1723.62,357.1,355.48
World,1991-05-16,,,,,,,,,,,,,,12024279,,,,
World,1991-06-15,,,,,0.26401,0.237,0.2815,,,0.53,,,,,1719.02,1724.89,356.17,355.56
World,1991-06-16,,,,,,,,,,,,,,9944991,,,,
World,1991-07-15,,,,,0.34916,0.3235,0.365,,,0.47,-22.8140625,-8.976906274,-15.89548,,1716.06,1726.2,354.54,355.65
World,1991-07-16,,,,,,,,,,,,,,7504135,,,,
World,1991-08-15,,,,,0.3212,0.295,0.3375,,,0.39,,,,,1719.23,1727.53,353.03,355.53
World,1991-08-16,,,,,,,,,,,,,,5740771,,,,
World,1991-09-15,,,,,0.22944,0.203,0.247,,,0.44,,,,,1726.19,1728.82,352.9,355.43
World,1991-09-16,,,,,,,,,,,,,,5244490,,,,
World,1991-10-15,,,,,0.19632,0.17,0.214,,,0.29,-18.94739583,-6.43025132,-12.68882,,1732.74,1730.05,354.01,355.41
World,1991-10-16,,,,,,,,,,,,,,7559842,,,,
World,1991-11-15,,,,,0.17819,0.1515,0.195,,,0.3,,,,,1737.5,1731.21,355.16,355.38
World,1991-11-16,,,,,,,,,,,,,,9958887,,,,
World,1991-12-15,,,,,0.20493,0.178,0.2215,,,0.32,,,,,1739.67,1732.26,355.95,355.49
World,1991-12-16,,,,,,,,,,,,,,11815957,,,,
World,1992-01-15,,,,,0.23715,0.209,0.2545,,,0.48,-16.38072917,-5.97261987,-11.17667,,1738.86,1733.21,356.52,355.7
World,1992-01-16,,,,,,,,,,,,,,13277425,,,,
World,1992-02-15,,,,,0.25073,0.2235,0.269,,,0.4,,,,,1737.34,1733.96,356.89,355.77
World,1992-02-16,,,,,,,,,,,,,,14169915,,,,
World,1992-03-15,,,,,0.25186,0.2255,0.269,,,0.48,,,,,1736.96,1734.58,357.26,355.78
World,1992-03-16,,,,,,,,,,,,,,14018684,,,,
World,1992-04-15,,,,,0.24585,0.2185,0.2635,,,0.27,-17.4140625,-9.064392998,-13.23923,,1736.62,1735.06,357.75,355.96
World,1992-04-16,,,,,,,,,,,,,,13279539,,,,
World,1992-05-15,,,,,0.27042,0.2435,0.288,,,0.31,,,,,1734.92,1735.39,357.82,356.19
World,1992-05-16,,,,,,,,,,,,,,11884309,,,,
World,1992-06-15,,,,,0.26492,0.2385,0.284,,,0.26,,,,,1731.61,1735.59,356.87,356.28
World,1992-06-16,,,,,,,,,,,,,,10326856,,,,
World,1992-07-15,,,,,0.16119,0.135,0.178,,,0.08,-20.24739583,-12.70923305,-16.47831,,1728.86,1735.67,355.19,356.34
World,1992-07-16,,,,,,,,,,,,,,7915552,,,,
World,1992-08-15,,,,,0.11709,0.0905,0.134,,,0.08,,,,,1730.41,1735.65,353.68,356.24
World,1992-08-16,,,,,,,,,,,,,,5944286,,,,
World,1992-09-15,,,,,0.09927,0.0725,0.117,,,-0.01,,,,,1734.7,1735.57,353.58,356.14
World,1992-09-16,,,,,,,,,,,,,,6203522,,,,
World,1992-10-15,,,,,0.06339,0.037,0.0815,,,0.06,-17.8140625,-15.4525379,-16.6333,,1737.75,1735.45,354.8,356.21
World,1992-10-16,,,,,,,,,,,,,,8432599,,,,
World,1992-11-15,,,,,0.05689,0.0305,0.075,,,0.03,,,,,1739.3,1735.32,355.98,356.2
World,1992-11-16,,,,,,,,,,,,,,10397624,,,,
World,1992-12-15,,,,,0.09068,0.0645,0.1075,,,0.22,,,,,1738.58,1735.21,356.74,356.27
World,1992-12-16,,,,,,,,,,,,,,12332065,,,,
World,1993-01-15,,,,,0.26568,0.2385,0.2835,,,0.35,-19.58072917,-16.69596631,-18.13835,,1735.75,1735.13,357.21,356.37
World,1993-01-16,,,,,,,,,,,,,,13602495,,,,
World,1993-02-15,,,,,0.19632,0.169,0.215,,,0.37,,,,,1734.39,1735.12,357.56,356.4
World,1993-02-16,,,,,,,,,,,,,,14223337,,,,
World,1993-03-15,,,,,0.21443,0.188,0.2325,,,0.36,,,,,1735.51,1735.17,357.96,356.51
World,1993-03-16,,,,,,,,,,,,,,14385072,,,,
World,1993-04-15,,,,,0.17904,0.1525,0.197,,,0.28,-16.3140625,-16.8637797,-16.58892,,1736.66,1735.3,358.42,356.66
World,1993-04-16,,,,,,,,,,,,,,13495199,,,,
World,1993-05-15,,,,,0.25601,0.229,0.274,,,0.28,,,,,1734.96,1735.51,358.38,356.73
World,1993-05-16,,,,,,,,,,,,,,11773370,,,,
World,1993-06-15,,,,,0.27176,0.2465,0.2905,,,0.23,,,,,1730.86,1735.8,357.35,356.68
World,1993-06-16,,,,,,,,,,,,,,9612380,,,,
World,1993-07-15,,,,,0.18874,0.1625,0.2065,,,0.25,-22.78072917,-22.29949291,-22.54011,,1728.01,1736.16,355.73,356.75
World,1993-07-16,,,,,,,,,,,,,,7274617,,,,
World,1993-08-15,,,,,0.17487,0.15,0.192,,,0.11,,,,,1731.18,1736.59,354.44,356.91
World,1993-08-16,,,,,,,,,,,,,,5447769,,,,
World,1993-09-15,,,,,0.20381,0.1785,0.2215,,,0.12,,,,,1738.49,1737.06,354.47,357.05
World,1993-09-16,,,,,,,,,,,,,,5344668,,,,
World,1993-10-15,,,,,0.15002,0.125,0.168,,,0.23,-28.7140625,-26.1697558,-27.44191,,1743.34,1737.57,355.71,357.19
World,1993-10-16,,,,,,,,,,,,,,7790343,,,,
World,1993-11-15,,,,,0.22753,0.201,0.2465,,,0.03,,,,,1745.17,1738.12,356.95,357.29
World,1993-11-16,,,,,,,,,,,,,,10217003,,,,
World,1993-12-15,,,,,0.13995,0.114,0.1585,,,0.18,,,,,1744.28,1738.68,357.86,357.49
World,1993-12-16,,,,,,,,,,,,,,12127047,,,,
World,1994-01-15,,,,,0.19063,0.1635,0.2095,,,0.26,-22.34739583,-20.21470482,-21.28105,,1741.41,1739.27,358.48,357.62
World,1994-01-16,,,,,,,,,,,,,,13449501,,,,
World,1994-02-15,,,,,0.1689,0.142,0.187,,,0.03,,,,,1740.86,1739.85,359.02,357.86
World,1994-02-16,,,,,,,,,,,,,,14190035,,,,
World,1994-03-15,,,,,0.25519,0.229,0.2735,,,0.29,,,,,1741.93,1740.42,359.36,357.91
World,1994-03-16,,,,,,,,,,,,,,14202411,,,,
World,1994-04-15,,,,,0.21965,0.1925,0.238,,,0.41,-20.08072917,-15.19189433,-17.63631,,1741.9,1741.03,359.71,357.93
World,1994-04-16,,,,,,,,,,,,,,13393308,,,,
World,1994-05-15,,,,,0.2797,0.253,0.298,,,0.28,,,,,1740.63,1741.63,359.74,358.07
World,1994-05-16,,,,,,,,,,,,,,12129649,,,,
World,1994-06-15,,,,,0.23319,0.207,0.2525,,,0.44,,,,,1736.93,1742.25,358.81,358.11
World,1994-06-16,,,,,,,,,,,,,,10174142,,,,
World,1994-07-15,,,,,0.25146,0.226,0.269,,,0.3,-17.98072917,-16.18246063,-17.08159,,1732.4,1742.86,357.28,358.27
World,1994-07-16,,,,,,,,,,,,,,7727276,,,,
World,1994-08-15,,,,,0.27541,0.25,0.2935,,,0.21,,,,,1734.08,1743.49,356.05,358.56
World,1994-08-16,,,,,,,,,,,,,,5907837,,,,
World,1994-09-15,,,,,0.22056,0.1965,0.239,,,0.32,,,,,1742.97,1744.11,356.01,358.67
World,1994-09-16,,,,,,,,,,,,,,6178118,,,,
World,1994-10-15,,,,,0.28161,0.2575,0.3,,,0.42,-18.24739583,-15.30390294,-16.77565,,1749.83,1744.72,357.26,358.8
World,1994-10-16,,,,,,,,,,,,,,7843756,,,,
World,1994-11-15,,,,,0.29388,0.2685,0.3125,,,0.44,,,,,1751.24,1745.32,358.69,359.03
World,1994-11-16,,,,,,,,,,,,,,10234811,,,,
World,1994-12-15,,,,,0.2727,0.2475,0.2915,,,0.38,,,,,1751.56,1745.91,359.55,359.16
World,1994-12-16,,,,,,,,,,,,,,12010780,,,,
World,1995-01-15,,,,,0.30194,0.274,0.3205,,,0.52,-16.34739583,-10.71353651,-13.53047,,1751.02,1746.47,360.15,359.29
World,1995-01-16,,,,,,,,,,,,,,13325083,,,,
World,1995-02-15,,,,,0.35597,0.3285,0.3755,,,0.79,,,,,1749.39,1746.98,360.63,359.53
World,1995-02-16,,,,,,,,,,,,,,13853697,,,,
World,1995-03-15,,,,,0.34004,0.3125,0.359,,,0.47,,,,,1748.95,1747.46,361.09,359.71
World,1995-03-16,,,,,,,,,,,,,,13832940,,,,
World,1995-04-15,,,,,0.28245,0.2555,0.302,,,0.47,-15.28072917,-8.988283445,-12.13451,,1749.44,1747.91,361.55,359.85
World,1995-04-16,,,,,,,,,,,,,,12844491,,,,
World,1995-05-15,,,,,0.26934,0.2445,0.288,,,0.27,,,,,1747.7,1748.31,361.47,359.84
World,1995-05-16,,,,,,,,,,,,,,11373788,,,,
World,1995-06-15,,,,,0.32949,0.305,0.35,,,0.43,,,,,1742.84,1748.66,360.61,359.92
World,1995-06-16,,,,,,,,,,,,,,9311490,,,,
World,1995-07-15,,,,,0.40384,0.38,0.422,,,0.45,-15.58072917,-10.99742126,-13.28908,,1740.06,1748.97,359,360
World,1995-07-16,,,,,,,,,,,,,,6903340,,,,
World,1995-08-15,,,,,0.35877,0.3345,0.377,,,0.45,,,,,1743.48,1749.25,357.73,360.21
World,1995-08-16,,,,,,,,,,,,,,5343067,,,,
World,1995-09-15,,,,,0.23915,0.215,0.257,,,0.34,,,,,1749.73,1749.48,358.06,360.65
World,1995-09-16,,,,,,,,,,,,,,5200602,,,,
World,1995-10-15,,,,,0.25131,0.227,0.27,,,0.47,-11.54739583,-9.467108624,-10.50725,,1754.23,1749.69,359.43,360.9
World,1995-10-16,,,,,,,,,,,,,,6851971,,,,
World,1995-11-15,,,,,0.27038,0.245,0.29,,,0.44,,,,,1755.31,1749.88,360.77,361.04
World,1995-11-16,,,,,,,,,,,,,,9726915,,,,
World,1995-12-15,,,,,0.19834,0.172,0.2175,,,0.26,,,,,1753.75,1750.06,361.65,361.2
World,1995-12-16,,,,,,,,,,,,,,11862945,,,,
World,1996-01-15,,,,,0.20891,0.1815,0.2285,,,0.24,-7.247395833,-6.869924627,-7.05866,,1752.32,1750.24,362.14,361.22
World,1996-01-16,,,,,,,,,,,,,,12960582,,,,
World,1996-02-15,,,,,0.2895,0.2635,0.309,,,0.46,,,,,1752.91,1750.41,362.5,361.32
World,1996-02-16,,,,,,,,,,,,,,13849656,,,,
World,1996-03-15,,,,,0.29382,0.2675,0.3135,,,0.33,,,,,1752.4,1750.59,362.82,361.4
World,1996-03-16,,,,,,,,,,,,,,13792262,,,,
World,1996-04-15,,,,,0.2764,0.25,0.2955,,,0.33,-15.18072917,-9.217386527,-12.19906,,1749.86,1750.79,363.14,361.42
World,1996-04-16,,,,,,,,,,,,,,13005745,,,,
World,1996-05-15,,,,,0.26567,0.2405,0.2845,,,0.27,,,,,1748.63,1751,363.29,361.68
World,1996-05-16,,,,,,,,,,,,,,11888025,,,,
World,1996-06-15,,,,,0.2397,0.217,0.258,,,0.25,,,,,1746.22,1751.21,362.88,362.23
World,1996-06-16,,,,,,,,,,,,,,10288970,,,,
World,1996-07-15,,,,,0.24654,0.2235,0.266,,,0.36,-11.94739583,-10.96045959,-11.45393,,1742.21,1751.44,361.57,362.61
World,1996-07-16,,,,,,,,,,,,,,8019467,,,,
World,1996-08-15,,,,,0.24509,0.2215,0.2635,,,0.48,,,,,1744.67,1751.67,360.07,362.58
World,1996-08-16,,,,,,,,,,,,,,6217835,,,,
World,1996-09-15,,,,,0.21294,0.189,0.2315,,,0.25,,,,,1753.03,1751.89,359.7,362.31
World,1996-09-16,,,,,,,,,,,,,,6270715,,,,
World,1996-10-15,,,,,0.18628,0.1625,0.205,,,0.2,-5.147395833,-9.552796407,-7.3501,,1758.96,1752.11,360.67,362.15
World,1996-10-16,,,,,,,,,,,,,,8118597,,,,
World,1996-11-15,,,,,0.17101,0.1455,0.1905,,,0.38,,,,,1759.91,1752.33,361.78,362.09
World,1996-11-16,,,,,,,,,,,,,,9261512,,,,
World,1996-12-15,,,,,0.20985,0.184,0.228,,,0.37,,,,,1756.83,1752.55,362.63,362.19
World,1996-12-16,,,,,,,,,,,,,,11555270,,,,
World,1997-01-15,,,,,0.20156,0.174,0.221,,,0.31,-6.480729167,-6.392200361,-6.43646,,1753.35,1752.77,363.28,362.34
World,1997-01-16,,,,,,,,,,,,,,12982497,,,,
World,1997-02-15,,,,,0.25581,0.23,0.275,,,0.41,,,,,1753.83,1753,363.65,362.46
World,1997-02-16,,,,,,,,,,,,,,13963434,,,,
World,1997-03-15,,,,,0.32029,0.2935,0.3385,,,0.52,,,,,1755.64,1753.24,364.03,362.62
World,1997-03-16,,,,,,,,,,,,,,13808599,,,,
World,1997-04-15,,,,,0.26206,0.2365,0.2815,,,0.34,0.119270833,-2.541574166,-1.21115,,1755.53,1753.52,364.51,362.81
World,1997-04-16,,,,,,,,,,,,,,13029664,,,,
World,1997-05-15,,,,,0.34572,0.3195,0.364,,,0.34,,,,,1753.89,1753.85,364.51,362.94
World,1997-05-16,,,,,,,,,,,,,,11645805,,,,
World,1997-06-15,,,,,0.44127,0.415,0.461,,,0.54,,,,,1750.2,1754.24,363.6,362.97
World,1997-06-16,,,,,,,,,,,,,,9639090,,,,
World,1997-07-15,,,,,0.48908,0.4635,0.5065,,,0.33,-2.647395833,-2.469881973,-2.55864,,1746.16,1754.7,361.93,362.96
World,1997-07-16,,,,,,,,,,,,,,7391837,,,,
World,1997-08-15,,,,,0.4843,0.459,0.5015,,,0.41,,,,,1747.94,1755.25,360.41,362.9
World,1997-08-16,,,,,,,,,,,,,,5589290,,,,
World,1997-09-15,,,,,0.5299,0.5045,0.547,,,0.52,,,,,1755.09,1755.9,360.41,363.01
World,1997-09-16,,,,,,,,,,,,,,5607415,,,,
World,1997-10-15,,,,,0.56144,0.5365,0.58,,,0.61,-2.1140625,-1.907755576,-2.01091,,1760.22,1756.64,361.94,363.42
World,1997-10-16,,,,,,,,,,,,,,7195435,,,,
World,1997-11-15,,,,,0.57097,0.5465,0.59,,,0.64,,,,,1761.67,1757.48,363.61,363.9
World,1997-11-16,,,,,,,,,,,,,,9717286,,,,
World,1997-12-15,,,,,0.58855,0.5635,0.606,,,0.59,,,,,1761.92,1758.41,364.68,364.22
World,1997-12-16,,,,,,,,,,,,,,11944046,,,,
World,1998-01-15,,,,,0.53605,0.508,0.5555,,,0.58,-1.847395833,-2.531473513,-2.18943,,1761.49,1759.45,365.19,364.26
World,1998-01-16,,,,,,,,,,,,,,13424473,,,,
World,1998-02-15,,,,,0.58788,0.5625,0.606,,,0.88,,,,,1761.55,1760.51,365.46,364.3
World,1998-02-16,,,,,,,,,,,,,,14416244,,,,
World,1998-03-15,,,,,0.58534,0.5585,0.6035,,,0.63,,,,,1763.04,1761.61,365.93,364.53
World,1998-03-16,,,,,,,,,,,,,,14186457,,,,
World,1998-04-15,,,,,0.59745,0.5715,0.6155,,,0.63,-11.64739583,-8.481188102,-10.06429,,1764.69,1762.79,366.58,364.9
World,1998-04-16,,,,,,,,,,,,,,13416673,,,,
World,1998-05-15,,,,,0.59424,0.569,0.611,,,0.68,,,,,1764.21,1763.97,366.86,365.32
World,1998-05-16,,,,,,,,,,,,,,11888892,,,,
World,1998-06-15,,,,,0.56528,0.54,0.5835,,,0.77,,,,,1760.33,1765.14,366.26,365.67
World,1998-06-16,,,,,,,,,,,,,,9685267,,,,
World,1998-07-15,,,,,0.60834,0.583,0.625,,,0.65,-10.8140625,-10.16664232,-10.49035,,1756.12,1766.28,364.84,365.88
World,1998-07-16,,,,,,,,,,,,,,7306465,,,,
World,1998-08-15,,,,,0.57488,0.55,0.5915,,,0.65,,,,,1760.07,1767.36,363.79,366.28
World,1998-08-16,,,,,,,,,,,,,,5303919,,,,
World,1998-09-15,,,,,0.35998,0.336,0.377,,,0.42,,,,,1770.51,1768.36,364.04,366.62
World,1998-09-16,,,,,,,,,,,,,,5180569,,,,
World,1998-10-15,,,,,0.36386,0.339,0.3815,,,0.41,-9.1140625,-7.24687525,-8.18047,,1776.19,1769.26,365.34,366.79
World,1998-10-16,,,,,,,,,,,,,,7508118,,,,
World,1998-11-15,,,,,0.39002,0.3645,0.4075,,,0.43,,,,,1775.57,1770.05,366.6,366.85
World,1998-11-16,,,,,,,,,,,,,,9563873,,,,
World,1998-12-15,,,,,0.35747,0.3325,0.374,,,0.55,,,,,1774.18,1770.75,367.47,366.97
World,1998-12-16,,,,,,,,,,,,,,11621739,,,,
World,1999-01-15,,,,,0.24704,0.219,0.265,,,0.49,-8.480729167,-3.51390462,-5.99732,,1773.97,1771.34,368.12,367.19
World,1999-01-16,,,,,,,,,,,,,,13194721,,,,
World,1999-02-15,,,,,0.30569,0.279,0.323,,,0.64,,,,,1774.15,1771.82,368.52,367.37
World,1999-02-16,,,,,,,,,,,,,,14045907,,,,
World,1999-03-15,,,,,0.36637,0.3385,0.3835,,,0.32,,,,,1774.75,1772.2,368.91,367.53
World,1999-03-16,,,,,,,,,,,,,,14052235,,,,
World,1999-04-15,,,,,0.33974,0.313,0.357,,,0.32,-0.647395833,-1.169963654,-0.90868,,1774.94,1772.51,369.3,367.65
World,1999-04-16,,,,,,,,,,,,,,13684210,,,,
World,1999-05-15,,,,,0.29406,0.2665,0.311,,,0.26,,,,,1772.66,1772.76,369.21,367.7
World,1999-05-16,,,,,,,,,,,,,,12189691,,,,
World,1999-06-15,,,,,0.29165,0.2655,0.3085,,,0.36,,,,,1767.42,1772.95,368.36,367.79
World,1999-06-16,,,,,,,,,,,,,,9697082,,,,
World,1999-07-15,,,,,0.30081,0.275,0.317,,,0.38,-0.247395833,-0.962018013,-0.60471,,1762.99,1773.1,366.69,367.74
World,1999-07-16,,,,,,,,,,,,,,7429757,,,,
World,1999-08-15,,,,,0.25128,0.2275,0.2675,,,0.31,,,,,1764.71,1773.21,365.33,367.78
World,1999-08-16,,,,,,,,,,,,,,5439255,,,,
World,1999-09-15,,,,,0.26236,0.237,0.279,,,0.39,,,,,1771.12,1773.29,365.44,367.99
World,1999-09-16,,,,,,,,,,,,,,4991713,,,,
World,1999-10-15,,,,,0.21039,0.1855,0.227,,,0.34,-3.080729167,-1.829999251,-2.45536,,1776.63,1773.36,366.75,368.18
World,1999-10-16,,,,,,,,,,,,,,7577738,,,,
World,1999-11-15,,,,,0.23049,0.2055,0.247,,,0.37,,,,,1778.56,1773.41,368.05,368.28
World,1999-11-16,,,,,,,,,,,,,,9875555,,,,
World,1999-12-15,,,,,0.21445,0.189,0.231,,,0.41,,,,,1777.3,1773.44,368.88,368.36
World,1999-12-16,,,,,,,,,,,,,,11563824,,,,
World,2000-01-15,,,,,0.23489,0.2075,0.252,,,0.25,-8.347395833,-2.00424797,-5.17582,,1775.7,1773.46,369.41,368.49
World,2000-01-16,,,,,,,,,,,,,,12922164,,,,
World,2000-02-15,,,,,0.23781,0.211,0.2555,,,0.56,,,,,1775.82,1773.46,369.68,368.54
World,2000-02-16,,,,,,,,,,,,,,13691950,,,,
World,2000-03-15,,,,,0.25995,0.2325,0.277,,,0.55,,,,,1776.84,1773.45,370,368.6
World,2000-03-16,,,,,,,,,,,,,,13685590,,,,
World,2000-04-15,,,,,0.30063,0.2725,0.3175,,,0.57,0.7859375,-0.455801584,0.16507,,1777.36,1773.4,370.37,368.69
World,2000-04-16,,,,,,,,,,,,,,13051423,,,,
World,2000-05-15,,,,,0.26854,0.241,0.285,,,0.36,,,,,1774.62,1773.33,370.25,368.73
World,2000-05-16,,,,,,,,,,,,,,11716546,,,,
World,2000-06-15,,,,,0.27638,0.249,0.2935,,,0.4,,,,,1768.22,1773.22,369.31,368.78
World,2000-06-16,,,,,,,,,,,,,,9616960,,,,
World,2000-07-15,,,,,0.27737,0.25,0.293,,,0.39,2.952604167,-2.295423072,0.32859,,1763.59,1773.09,367.91,369.05
World,2000-07-16,,,,,,,,,,,,,,7278966,,,,
World,2000-08-15,,,,,0.34537,0.319,0.3615,,,0.42,,,,,1765.66,1772.92,366.75,369.26
World,2000-08-16,,,,,,,,,,,,,,5407596,,,,
World,2000-09-15,,,,,0.32541,0.297,0.342,,,0.39,,,,,1772.21,1772.74,366.7,369.24
World,2000-09-16,,,,,,,,,,,,,,5200283,,,,
World,2000-10-15,,,,,0.29042,0.264,0.3075,,,0.26,-4.6140625,-2.521531098,-3.5678,,1777.13,1772.53,367.92,369.31
World,2000-10-16,,,,,,,,,,,,,,7576541,,,,
World,2000-11-15,,,,,0.32632,0.3005,0.3435,,,0.3,,,,,1777.75,1772.32,369.29,369.45
World,2000-11-16,,,,,,,,,,,,,,9543558,,,,
World,2000-12-15,,,,,0.22333,0.1965,0.24,,,0.28,,,,,1775.33,1772.1,370.11,369.55
World,2000-12-16,,,,,,,,,,,,,,11573605,,,,
World,2001-01-15,,,316.3,316.03,0.27931,0.252,0.2975,,,0.46,-0.8140625,2.288764482,0.73735,,1772.86,1771.87,370.68,369.78
World,2001-01-16,,,,,,,,,,,,,,12999362,,,,
World,2001-02-15,,,316.31,316.09,0.32883,0.302,0.347,,,0.44,,,,,1772.53,1771.68,371.18,370.02
World,2001-02-16,,,,,,,,,,,,,,13952690,,,,
World,2001-03-15,,,316.21,316.15,0.42686,0.3985,0.444,,,0.56,,,,,1773.69,1771.5,371.59,370.17
World,2001-03-16,,,,,,,,,,,,,,14278664,,,,
World,2001-04-15,,,316.12,316.21,0.40756,0.3795,0.4245,,,0.5,2.752604167,4.092562893,3.42258,,1773.87,1771.34,371.9,370.22
World,2001-04-16,,,,,,,,,,,,,,13588731,,,,
World,2001-05-15,,,316.11,316.28,0.34196,0.315,0.358,,,0.58,,,,,1770.77,1771.21,371.8,370.28
World,2001-05-16,,,,,,,,,,,,,,11893203,,,,
World,2001-06-15,,,316.16,316.34,0.44453,0.4185,0.461,,,0.52,,,,,1765.92,1771.11,370.85,370.32
World,2001-06-16,,,,,,,,,,,,,,9564065,,,,
World,2001-07-15,,,316.23,316.41,0.43777,0.4105,0.453,,,0.59,4.719270833,3.346121297,4.0327,,1762.79,1771.05,369.46,370.58
World,2001-07-16,,,,,,,,,,,,,,7026753,,,,
World,2001-08-15,,,316.3,316.47,0.45609,0.4295,0.4715,,,0.49,,,,,1764.35,1771.03,368.32,370.8
World,2001-08-16,,,,,,,,,,,,,,5499373,,,,
World,2001-09-15,,,316.41,316.53,0.42737,0.4005,0.444,,,0.52,,,,,1770.46,1771.03,368.36,370.88
World,2001-09-16,,,,,,,,,,,,,,5464545,,,,
World,2001-10-15,,,316.59,316.58,0.40039,0.375,0.4165,,,0.5,3.319270833,3.477857781,3.39856,,1775.52,1771.07,369.72,371.11
World,2001-10-16,,,,,,,,,,,,,,7468156,,,,
World,2001-11-15,,,316.76,316.63,0.4047,0.3785,0.421,,,0.72,,,,,1776.57,1771.13,371.05,371.25
World,2001-11-16,,,,,,,,,,,,,,9615974,,,,
World,2001-12-15,,,316.87,316.68,0.34846,0.3215,0.365,,,0.56,,,,,1775.95,1771.21,371.96,371.45
World,2001-12-16,,,,,,,,,,,,,,11202622,,,,
World,2002-01-15,,,316.93,316.73,0.42246,0.394,0.44,,,0.78,-2.780729167,0.663981094,-1.05837,,1774.09,1771.32,372.51,371.56
World,2002-01-16,,,,,,,,,,,,,,12890423,,,,
World,2002-02-15,,,316.97,316.77,0.40032,0.3725,0.4175,,,0.79,,,,,1772.81,1771.44,372.91,371.65
World,2002-02-16,,,,,,,,,,,,,,13986039,,,,
World,2002-03-15,,,316.96,316.81,0.51736,0.4905,0.5335,,,0.88,,,,,1773.39,1771.57,373.38,371.86
World,2002-03-16,,,,,,,,,,,,,,13901919,,,,
World,2002-04-15,,,316.9,316.84,0.45826,0.4295,0.4745,,,0.58,-1.047395833,-2.088163757,-1.56778,,1772.69,1771.74,373.72,371.96
World,2002-04-16,,,,,,,,,,,,,,12926191,,,,
World,2002-05-15,,,316.85,316.88,0.46104,0.4325,0.4775,,,0.64,,,,,1770.26,1771.92,373.71,372.13
World,2002-05-16,,,,,,,,,,,,,,11686206,,,,
World,2002-06-15,,,316.83,316.91,0.46607,0.439,0.483,,,0.53,,,,,1766.91,1772.14,372.84,372.3
World,2002-06-16,,,,,,,,,,,,,,9571258,,,,
World,2002-07-15,,,316.82,316.95,0.41203,0.3835,0.4275,,,0.61,2.152604167,0.020047084,1.08633,,1764.31,1772.38,371.41,372.55
World,2002-07-16,,,,,,,,,,,,,,7127058,,,,
World,2002-08-15,,,316.82,316.99,0.43217,0.4055,0.448,,,0.53,,,,,1767.05,1772.67,370.37,372.91
World,2002-08-16,,,,,,,,,,,,,,5041521,,,,
World,2002-09-15,,,316.87,317.03,0.38129,0.3535,0.397,,,0.63,,,,,1773.77,1773,370.69,373.3
World,2002-09-16,,,,,,,,,,,,,,4787087,,,,
World,2002-10-15,,,316.99,317.08,0.43172,0.405,0.449,,,0.54,5.219270833,1.520559341,3.36992,,1778.23,1773.37,371.96,373.45
World,2002-10-16,,,,,,,,,,,,,,7247262,,,,
World,2002-11-15,,,317.13,317.13,0.37075,0.3445,0.387,,,0.59,,,,,1779.55,1773.78,373.29,373.58
World,2002-11-16,,,,,,,,,,,,,,9407389,,,,
World,2002-12-15,,,317.24,317.18,0.45856,0.431,0.4755,,,0.44,,,,,1779.73,1774.24,374.26,373.8
World,2002-12-16,,,,,,,,,,,,,,11343764,,,,
World,2003-01-15,,,317.29,317.24,0.40723,0.3785,0.425,,,0.75,4.3859375,2.107942879,3.24694,,1777.53,1774.76,374.95,373.96
World,2003-01-16,,,,,,,,,,,,,,13004678,,,,
World,2003-02-15,,,317.34,317.3,0.43101,0.403,0.449,,,0.59,,,,,1774.84,1775.28,375.48,374.15
World,2003-02-16,,,,,,,,,,,,,,13897240,,,,
World,2003-03-15,,,317.4,317.36,0.45928,0.4315,0.4765,,,0.6,,,,,1774.85,1775.82,375.92,374.36
World,2003-03-16,,,,,,,,,,,,,,14072255,,,,
World,2003-04-15,,,317.47,317.43,0.40956,0.3825,0.4265,,,0.55,5.919270833,4.656994466,5.28813,,1775.71,1776.39,376.39,374.59
World,2003-04-16,,,,,,,,,,,,,,13001415,,,,
World,2003-05-15,,,317.51,317.51,0.42237,0.3945,0.4385,,,0.61,,,,,1774.41,1776.96,376.51,374.92
World,2003-05-16,,,,,,,,,,,,,,11461128,,,,
World,2003-06-15,,,317.53,317.58,0.45168,0.425,0.469,,,0.48,,,,,1771.71,1777.51,375.68,375.14
World,2003-06-16,,,,,,,,,,,,,,9585872,,,,
World,2003-07-15,,,317.57,317.65,0.50108,0.4755,0.517,,,0.58,14.61927083,6.925613295,10.77244,,1770.67,1778.01,374.16,375.31
World,2003-07-16,,,,,,,,,,,,,,7046243,,,,
World,2003-08-15,,,317.63,317.72,0.5443,0.519,0.5605,,,0.65,,,,,1774.23,1778.46,372.94,375.52
World,2003-08-16,,,,,,,,,,,,,,5219746,,,,
World,2003-09-15,,,317.77,317.79,0.5387,0.5135,0.555,,,0.62,,,,,1780.5,1778.82,373.11,375.78
World,2003-09-16,,,,,,,,,,,,,,4952755,,,,
World,2003-10-15,,,317.93,317.86,0.51967,0.4945,0.537,,,0.73,15.71927083,8.012265803,11.86577,,1784.66,1779.09,374.4,375.92
World,2003-10-16,,,,,,,,,,,,,,6978505,,,,
World,2003-11-15,,,318.04,317.92,0.45715,0.4325,0.474,,,0.53,,,,,1785.31,1779.26,375.68,376.02
World,2003-11-16,,,,,,,,,,,,,,9233641,,,,
World,2003-12-15,,,318.11,317.98,0.37154,0.346,0.388,,,0.75,,,,,1783.59,1779.3,376.53,376.09
World,2003-12-16,,,,,,,,,,,,,,11427348,,,,
World,2004-01-15,,,318.18,318.04,0.41977,0.393,0.437,,,0.58,8.252604167,6.869239997,7.56092,,1780.83,1779.23,377.21,376.23
World,2004-01-16,,,,,,,,,,,,,,12846747,,,,
World,2004-02-15,,,318.2,318.09,0.43774,0.4115,0.456,,,0.73,,,,,1779.94,1779.05,377.73,376.42
World,2004-02-16,,,,,,,,,,,,,,13548975,,,,
World,2004-03-15,,,318.17,318.14,0.40905,0.3825,0.426,,,0.63,,,,,1780.98,1778.78,378.16,376.57
World,2004-03-16,,,,,,,,,,,,,,13571119,,,,
World,2004-04-15,,,318.14,318.18,0.47648,0.45,0.494,,,0.61,9.152604167,6.250996375,7.7018,,1780.7,1778.39,378.48,376.69
World,2004-04-16,,,,,,,,,,,,,,12621869,,,,
World,2004-05-15,,,318.14,318.23,0.40329,0.378,0.4205,,,0.37,,,,,1777.58,1777.94,378.4,376.82
World,2004-05-16,,,,,,,,,,,,,,11351720,,,,
World,2004-06-15,,,318.13,318.27,0.35853,0.333,0.3755,,,0.44,,,,,1772.32,1777.43,377.51,376.96
World,2004-06-16,,,,,,,,,,,,,,9653163,,,,
World,2004-07-15,,,318.14,318.31,0.44986,0.425,0.4655,,,0.26,13.65260417,7.543565438,10.59808,,1767.98,1776.89,375.96,377.15
World,2004-07-16,,,,,,,,,,,,,,7365448,,,,
World,2004-08-15,,,318.17,318.35,0.49127,0.4665,0.5075,,,0.46,,,,,1769.71,1776.35,374.49,377.13
World,2004-08-16,,,,,,,,,,,,,,5322552,,,,
World,2004-09-15,,,318.23,318.39,0.49511,0.47,0.5115,,,0.5,,,,,1775.48,1775.82,374.39,377.05
World,2004-09-16,,,,,,,,,,,,,,5066655,,,,
World,2004-10-15,,,318.34,318.43,0.45565,0.432,0.472,,,0.61,9.9859375,7.426393354,8.70617,,1779.66,1775.34,375.73,377.23
World,2004-10-16,,,,,,,,,,,,,,7113710,,,,
World,2004-11-15,,,318.56,318.47,0.44815,0.424,0.465,,,0.73,,,,,1780.48,1774.93,377.2,377.49
World,2004-11-16,,,,,,,,,,,,,,9542744,,,,
World,2004-12-15,,,318.76,318.52,0.40634,0.382,0.4235,,,0.51,,,,,1778.29,1774.58,378.17,377.68
World,2004-12-16,,,,,,,,,,,,,,11468142,,,,
World,2005-01-15,,,318.87,318.57,0.43095,0.405,0.4485,,,0.74,10.61927083,7.428710794,9.02399,,1776.01,1774.32,378.73,377.75
World,2005-01-16,,,,,,,,,,,,,,12436042,,,,
World,2005-02-15,,,318.89,318.62,0.39155,0.366,0.4095,,,0.6,,,,,1775.61,1774.15,379.19,377.88
World,2005-02-16,,,,,,,,,,,,,,12981688,,,,
World,2005-03-15,,,318.88,318.68,0.43158,0.406,0.448,,,0.74,,,,,1775.49,1774.06,379.82,378.22
World,2005-03-16,,,,,,,,,,,,,,13327877,,,,
World,2005-04-15,,,318.79,318.74,0.44159,0.416,0.459,,,0.67,10.05260417,8.212508202,9.13256,,1774.59,1774.04,380.31,378.5
World,2005-04-16,,,,,,,,,,,,,,12720409,,,,
World,2005-05-15,,,318.66,318.8,0.4514,0.4265,0.4685,,,0.63,,,,,1772.32,1774.08,380.43,378.82
World,2005-05-16,,,,,,,,,,,,,,11373010,,,,
World,2005-06-15,,,318.6,318.88,0.48384,0.4585,0.501,,,0.64,,,,,1768.73,1774.17,379.61,379.02
World,2005-06-16,,,,,,,,,,,,,,9200586,,,,
World,2005-07-15,,,318.65,318.95,0.52069,0.496,0.5375,,,0.62,12.11927083,8.810124129,10.4647,,1766.3,1774.29,377.95,379.11
World,2005-07-16,,,,,,,,,,,,,,6852373,,,,
World,2005-08-15,,,318.77,319.03,0.55713,0.533,0.574,,,0.6,,,,,1768.03,1774.42,376.73,379.36
World,2005-08-16,,,,,,,,,,,,,,4801600,,,,
World,2005-09-15,,,318.9,319.11,0.48167,0.457,0.499,,,0.71,,,,,1773.25,1774.54,376.77,379.47
World,2005-09-16,,,,,,,,,,,,,,4650448,,,,
World,2005-10-15,,,319.1,319.2,0.44736,0.424,0.4655,,,0.75,6.352604167,9.226936095,7.78977,,1778.59,1774.65,378.08,379.64
World,2005-10-16,,,,,,,,,,,,,,6454903,,,,
World,2005-11-15,,,319.36,319.28,0.39722,0.374,0.415,,,0.74,,,,,1781.11,1774.72,379.54,379.86
World,2005-11-16,,,,,,,,,,,,,,9364013,,,,
World,2005-12-15,,,319.57,319.36,0.33964,0.315,0.357,,,0.68,,,,,1780.12,1774.76,380.52,380.04
World,2005-12-16,,,,,,,,,,,,,,11163767,,,,
World,2006-01-15,,,319.73,319.44,0.34451,0.3185,0.363,,,0.56,6.652604167,12.07722324,9.36491,,1779.4,1774.77,381.33,380.31
World,2006-01-16,,,,,,,,,,,,,,12236723,,,,
World,2006-02-15,,,319.8,319.52,0.37563,0.35,0.395,,,0.73,,,,,1779.39,1774.76,381.95,380.58
World,2006-02-16,,,,,,,,,,,,,,13033100,,,,
World,2006-03-15,,,319.77,319.59,0.34957,0.325,0.367,,,0.63,,,,,1777.37,1774.73,382.32,380.69
World,2006-03-16,,,,,,,,,,,,,,13131591,,,,
World,2006-04-15,,,319.7,319.66,0.39144,0.3665,0.4105,,,0.47,14.11927083,15.41486092,14.76707,,1776.1,1774.7,382.65,380.82
World,2006-04-16,,,,,,,,,,,,,,12452182,,,,
World,2006-05-15,,,319.68,319.73,0.40319,0.379,0.4205,,,0.48,,,,,1774.96,1774.69,382.61,380.96
World,2006-05-16,,,,,,,,,,,,,,10966997,,,,
World,2006-06-15,,,319.66,319.79,0.43229,0.408,0.45,,,0.66,,,,,1769.32,1774.71,381.75,381.14
World,2006-06-16,,,,,,,,,,,,,,8950897,,,,
World,2006-07-15,,,319.63,319.84,0.46082,0.437,0.4775,,,0.54,9.519270833,15.30910579,12.41419,,1764.16,1774.79,380.07,381.27
World,2006-07-16,,,,,,,,,,,,,,6737978,,,,
World,2006-08-15,,,319.67,319.89,0.51417,0.49,0.5315,,,0.71,,,,,1767.22,1774.94,378.49,381.21
World,2006-08-16,,,,,,,,,,,,,,4932516,,,,
World,2006-09-15,,,319.82,319.94,0.46953,0.446,0.4875,,,0.65,,,,,1774.6,1775.18,378.61,381.38
World,2006-09-16,,,,,,,,,,,,,,4742894,,,,
World,2006-10-15,,,320,319.98,0.43699,0.4145,0.454,,,0.7,13.65260417,12.80933042,13.23097,,1778.19,1775.5,380.04,381.62
World,2006-10-16,,,,,,,,,,,,,,6712444,,,,
World,2006-11-15,,,320.16,320.03,0.45868,0.4345,0.4775,,,0.74,,,,,1779,1775.91,381.41,381.74
World,2006-11-16,,,,,,,,,,,,,,8873104,,,,
World,2006-12-15,,,320.26,320.07,0.4498,0.425,0.468,,,0.79,,,,,1779.93,1776.41,382.38,381.9
World,2006-12-16,,,,,,,,,,,,,,10894960,,,,
World,2007-01-15,,,320.36,320.12,0.46563,0.4395,0.4845,,,1.02,4.3859375,8.66270068,6.52432,,1779.2,1777.01,383.03,382
World,2007-01-16,,,,,,,,,,,,,,12518026,,,,
World,2007-02-15,,,320.38,320.16,0.44534,0.4195,0.4645,,,0.7,,,,,1778.66,1777.63,383.55,382.14
World,2007-02-16,,,,,,,,,,,,,,13249974,,,,
World,2007-03-15,,,320.29,320.21,0.38179,0.356,0.4,,,0.73,,,,,1780.34,1778.3,384.02,382.36
World,2007-03-16,,,,,,,,,,,,,,13248986,,,,
World,2007-04-15,,,320.19,320.27,0.36389,0.3385,0.3825,,,0.77,10.3859375,9.70550625,10.04572,,1781.1,1779.03,384.28,382.45
World,2007-04-16,,,,,,,,,,,,,,12548930,,,,
World,2007-05-15,,,320.23,320.33,0.3543,0.33,0.373,,,0.69,,,,,1779.44,1779.77,384.12,382.49
World,2007-05-16,,,,,,,,,,,,,,11404639,,,,
World,2007-06-15,,,320.25,320.41,0.41045,0.385,0.429,,,0.61,,,,,1775.63,1780.5,383.26,382.69
World,2007-06-16,,,,,,,,,,,,,,8791611,,,,
World,2007-07-15,,,320.19,320.48,0.43251,0.409,0.451,,,0.6,22.7859375,14.2886166,18.53728,,1772.57,1781.22,381.55,382.82
World,2007-07-16,,,,,,,,,,,,,,6083396,,,,
World,2007-08-15,,,320.23,320.57,0.37653,0.3515,0.3945,,,0.6,,,,,1777.2,1781.91,380.3,383.06
World,2007-08-16,,,,,,,,,,,,,,3905944,,,,
World,2007-09-15,,,320.46,320.66,0.3435,0.32,0.361,,,0.6,,,,,1785.94,1782.56,380.69,383.46
World,2007-09-16,,,,,,,,,,,,,,3431976,,,,
World,2007-10-15,,,320.74,320.75,0.29294,0.2705,0.3115,,,0.59,17.51927083,14.50124987,16.01026,,1789.84,1783.17,382.1,383.65
World,2007-10-16,,,,,,,,,,,,,,5134312,,,,
World,2007-11-15,,,320.96,320.85,0.24176,0.218,0.2605,,,0.59,,,,,1789.5,1783.74,383.45,383.73
World,2007-11-16,,,,,,,,,,,,,,8756847,,,,
World,2007-12-15,,,321.16,320.94,0.19153,0.1685,0.2105,,,0.5,,,,,1788.24,1784.27,384.46,383.96
World,2007-12-16,,,,,,,,,,,,,,10914447,,,,
World,2008-01-15,,,321.33,321.05,0.20343,0.178,0.223,,,0.31,17.55260417,15.58462623,16.56862,,1786.72,1784.81,385.23,384.2
World,2008-01-16,,,,,,,,,,,,,,12677864,,,,
World,2008-02-15,,,321.39,321.14,0.21072,0.1865,0.2305,,,0.38,,,,,1785.78,1785.29,385.75,384.36
World,2008-02-16,,,,,,,,,,,,,,13633392,,,,
World,2008-03-15,,,321.39,321.23,0.28252,0.257,0.302,,,0.75,,,,,1786.1,1785.77,386.15,384.52
World,2008-03-16,,,,,,,,,,,,,,13853843,,,,
World,2008-04-15,,,321.39,321.33,0.27825,0.254,0.297,,,0.54,25.35260417,21.90851915,23.63056,,1786.83,1786.28,386.53,384.73
World,2008-04-16,,,,,,,,,,,,,,13055555,,,,
World,2008-05-15,,,321.43,321.41,0.31621,0.2915,0.335,,,0.49,,,,,1785.18,1786.79,386.48,384.85
World,2008-05-16,,,,,,,,,,,,,,11498302,,,,
World,2008-06-15,,,321.45,321.49,0.32443,0.3,0.344,,,0.49,,,,,1780.46,1787.33,385.57,385.01
World,2008-06-16,,,,,,,,,,,,,,9206474,,,,
World,2008-07-15,,,321.42,321.57,0.4195,0.3965,0.438,,,0.6,30.45260417,24.80161176,27.62711,,1777.59,1787.88,384.09,385.41
World,2008-07-16,,,,,,,,,,,,,,6531010,,,,
World,2008-08-15,,,321.39,321.64,0.46305,0.4385,0.4815,,,0.46,,,,,1781.03,1788.46,382.77,385.57
World,2008-08-16,,,,,,,,,,,,,,4327768,,,,
World,2008-09-15,,,321.48,321.71,0.46463,0.442,0.4835,,,0.61,,,,,1787.67,1789.04,382.54,385.29
World,2008-09-16,,,,,,,,,,,,,,3904886,,,,
World,2008-10-15,,,321.65,321.77,0.38543,0.3635,0.405,,,0.67,23.81927083,20.322983,22.07113,,1793.66,1789.63,383.66,385.15
World,2008-10-16,,,,,,,,,,,,,,6435149,,,,
World,2008-11-15,,,321.8,321.83,0.31264,0.29,0.3335,,,0.69,,,,,1797.33,1790.22,385.18,385.4
World,2008-11-16,,,,,,,,,,,,,,9413351,,,,
World,2008-12-15,,,321.97,321.88,0.32474,0.3015,0.345,,,0.54,,,,,1796.67,1790.79,386.27,385.73
World,2008-12-16,,,,,,,,,,,,,,11339851,,,,
World,2009-01-15,,,322.21,321.94,0.37007,0.345,0.3905,,,0.65,19.31927083,18.41353077,18.8664,,1795.11,1791.35,387.03,385.97
World,2009-01-16,,,,,,,,,,,,,,12771737,,,,
World,2009-02-15,,,322.35,321.99,0.31749,0.292,0.338,,,0.53,,,,,1795.65,1791.86,387.48,386.05
World,2009-02-16,,,,,,,,,,,,,,13599704,,,,
World,2009-03-15,,,322.27,322.04,0.35694,0.3315,0.377,,,0.54,,,,,1796.08,1792.34,387.71,386.04
World,2009-03-16,,,,,,,,,,,,,,13785536,,,,
World,2009-04-15,,,322.1,322.09,0.40047,0.375,0.4205,,,0.61,24.65260417,22.4150906,23.53385,,1795.6,1792.79,387.99,386.18
World,2009-04-16,,,,,,,,,,,,,,13232872,,,,
World,2009-05-15,,,321.98,322.15,0.46015,0.435,0.481,,,0.65,,,,,1792.35,1793.21,387.95,386.35
World,2009-05-16,,,,,,,,,,,,,,11766815,,,,
World,2009-06-15,,,321.95,322.21,0.58751,0.5635,0.6075,,,0.65,,,,,1786.91,1793.6,386.96,386.46
World,2009-06-16,,,,,,,,,,,,,,9454125,,,,
World,2009-07-15,,,322.02,322.27,0.60909,0.585,0.6285,,,0.74,33.65260417,28.418468,31.03554,,1784.92,1793.95,385.01,386.42
World,2009-07-16,,,,,,,,,,,,,,6840062,,,,
World,2009-08-15,,,322.14,322.33,0.60766,0.583,0.627,,,0.69,,,,,1788.82,1794.29,383.63,386.49
World,2009-08-16,,,,,,,,,,,,,,4563365,,,,
World,2009-09-15,,,322.3,322.4,0.48558,0.4615,0.505,,,0.72,,,,,1794.82,1794.61,383.93,386.66
World,2009-09-16,,,,,,,,,,,,,,4286580,,,,
World,2009-10-15,,,322.51,322.47,0.51241,0.49,0.5335,,,0.65,38.0859375,35.72867628,36.90731,,1798,1794.92,385.49,386.92
World,2009-10-16,,,,,,,,,,,,,,5901729,,,,
World,2009-11-15,,,322.7,322.55,0.48595,0.4615,0.507,,,0.8,,,,,1797.9,1795.24,386.94,387.12
World,2009-11-16,,,,,,,,,,,,,,8781711,,,,
World,2009-12-15,,,322.84,322.63,0.56787,0.544,0.5885,,,0.68,,,,,1796.73,1795.57,387.84,387.27
World,2009-12-16,,,,,,,,,,,,,,11011689,,,,
World,2010-01-15,,,322.91,322.71,0.53401,0.508,0.5555,,,0.75,,38.77693523,38.77694,,1797.09,1795.92,388.62,387.6
World,2010-01-16,,,,,,,,,,,,,,12444630,,,,
World,2010-02-15,,,322.93,322.8,0.53686,0.5105,0.5585,,,0.84,,,,,1798.74,1796.28,389.33,387.93
World,2010-02-16,,,,,,,,,,,,,,13350446,,,,
World,2010-03-15,,,322.94,322.88,0.54155,0.515,0.562,,,0.93,,,,,1799.45,1796.65,389.68,388.03
World,2010-03-16,,,,,,,,,,,,,,13881654,,,,
World,2010-04-15,,,322.97,322.97,0.58411,0.5585,0.6045,,,0.85,,34.88547268,34.88547,,1799.59,1797.06,389.98,388.17
World,2010-04-16,,,,,,,,,,,,,,13182065,,,,
World,2010-05-15,,,323.01,323.06,0.53885,0.513,0.5595,,,0.76,,,,,1797.71,1797.49,389.95,388.35
World,2010-05-16,,,,,,,,,,,,,,11118527,,,,
World,2010-06-15,,,323.01,323.15,0.51644,0.4915,0.5375,,,0.68,,,,,1792.56,1797.94,389.01,388.52
World,2010-06-16,,,,,,,,,,,,,,8584207,,,,
World,2010-07-15,,,323.03,323.25,0.57024,0.5465,0.59,,,0.63,,33.87824005,33.87824,,1789.4,1798.4,387.35,388.74
World,2010-07-16,,,,,,,,,,,,,,6324554,,,,
World,2010-08-15,,,323.1,323.34,0.5357,0.511,0.5545,,,0.67,,,,,1794.02,1798.87,386.23,389.05
World,2010-08-16,,,,,,,,,,,,,,4235913,,,,
World,2010-09-15,,,323.26,323.43,0.45426,0.43,0.4735,,,0.63,,,,,1801.79,1799.34,386.7,389.4
World,2010-09-16,,,,,,,,,,,,,,3812433,,,,
World,2010-10-15,,,323.51,323.53,0.38988,0.3675,0.4095,,,0.71,,37.25102558,37.25103,,1806.48,1799.8,388.25,389.68
World,2010-10-16,,,,,,,,,,,,,,6085411,,,,
World,2010-11-15,,,323.76,323.62,0.30676,0.2825,0.3285,,,0.82,,,,,1807.01,1800.26,389.62,389.8
World,2010-11-16,,,,,,,,,,,,,,8879486,,,,
World,2010-12-15,,,323.94,323.71,0.31815,0.2935,0.339,,,0.45,,,,,1803.61,1800.71,390.36,389.82
World,2010-12-16,,,,,,,,,,,,,,10875814,,,,
World,2011-01-15,,,324.04,323.8,0.33312,0.3065,0.355,,,0.52,,37.34794901,37.34795,,1800.45,1801.16,390.93,389.88
World,2011-01-16,,,,,,,,,,,,,,12315033,,,,
World,2011-02-15,,,324.08,323.88,0.35385,0.328,0.376,,,0.48,,,,,1800.21,1801.57,391.35,389.93
World,2011-02-16,,,,,,,,,,,,,,13226961,,,,
World,2011-03-15,,,324.08,323.96,0.36599,0.34,0.3865,,,0.66,,,,,1801,1801.98,391.67,390.03
World,2011-03-16,,,,,,,,,,,,,,13249647,,,,
World,2011-04-15,,,324.06,324.04,0.37291,0.3465,0.395,,,0.65,,35.97776181,35.97776,,1802.85,1802.39,392.05,390.24
World,2011-04-16,,,,,,,,,,,,,,12782389,,,,
World,2011-05-15,,,324.05,324.12,0.38896,0.364,0.41,,,0.53,,,,,1803.32,1802.79,392.07,390.45
World,2011-05-16,,,,,,,,,,,,,,11103136,,,,
World,2011-06-15,,,324.05,324.2,0.43709,0.412,0.4575,,,0.63,,,,,1799.2,1803.18,391.13,390.63
World,2011-06-16,,,,,,,,,,,,,,8794845,,,,
World,2011-07-15,,,324.06,324.27,0.48177,0.4575,0.502,,,0.71,,36.71847075,36.71847,,1796.13,1803.58,389.19,390.56
World,2011-07-16,,,,,,,,,,,,,,6272545,,,,
World,2011-08-15,,,324.1,324.35,0.46453,0.4405,0.4845,,,0.75,,,,,1798.95,1803.98,387.86,390.64
World,2011-08-16,,,,,,,,,,,,,,4087101,,,,
World,2011-09-15,,,324.24,324.42,0.38835,0.364,0.409,,,0.57,,,,,1804.01,1804.37,388.26,390.98
World,2011-09-16,,,,,,,,,,,,,,3750497,,,,
World,2011-10-15,,,324.45,324.49,0.31064,0.2875,0.3315,,,0.66,,34.68250576,34.68251,,1809.49,1804.77,389.83,391.3
World,2011-10-16,,,,,,,,,,,,,,5567579,,,,
World,2011-11-15,,,324.63,324.55,0.34405,0.3195,0.3655,,,0.59,,,,,1812.32,1805.18,391.21,391.43
World,2011-11-16,,,,,,,,,,,,,,8916872,,,,
World,2011-12-15,,,324.77,324.62,0.30083,0.276,0.322,,,0.61,,,,,1810.02,1805.6,392.04,391.52
World,2011-12-16,,,,,,,,,,,,,,11080439,,,,
World,2012-01-15,,,324.9,324.69,0.29779,0.2715,0.319,,,0.49,,34.20024888,34.20025,,1807.29,1806.03,392.61,391.55
World,2012-01-16,,,,,,,,,,,,,,12597038,,,,
World,2012-02-15,,,324.97,324.75,0.32166,0.2955,0.344,,,0.5,,,,,1808.27,1806.45,393.21,391.78
World,2012-02-16,,,,,,,,,,,,,,13268404,,,,
World,2012-03-15,,,324.96,324.81,0.33618,0.3095,0.357,,,0.58,,,,,1809.96,1806.87,393.73,392.08
World,2012-03-16,,,,,,,,,,,,,,13951850,,,,
World,2012-04-15,,,324.92,324.88,0.39654,0.37,0.4185,,,0.73,,41.72088544,41.72089,,1808.38,1807.32,393.99,392.2
World,2012-04-16,,,,,,,,,,,,,,13181018,,,,
World,2012-05-15,,,324.9,324.94,0.46796,0.443,0.49,,,0.78,,,,,1804.69,1807.77,393.88,392.27
World,2012-05-16,,,,,,,,,,,,,,11394605,,,,
World,2012-06-15,,,324.86,325.01,0.46971,0.445,0.4905,,,0.65,,,,,1800.94,1808.21,392.84,392.36
World,2012-06-16,,,,,,,,,,,,,,8510216,,,,
World,2012-07-15,,,324.87,325.08,0.52013,0.4955,0.541,,,0.59,,47.17390325,47.1739,,1799.24,1808.65,391,392.43
World,2012-07-16,,,,,,,,,,,,,,5911210,,,,
World,2012-08-15,,,324.97,325.15,0.55915,0.535,0.5805,,,0.65,,,,,1803.19,1809.08,389.89,392.73
World,2012-08-16,,,,,,,,,,,,,,3405537,,,,
World,2012-09-15,,,325.12,325.21,0.54827,0.524,0.569,,,0.72,,,,,1810.1,1809.5,390.55,393.27
World,2012-09-16,,,,,,,,,,,,,,2948063,,,,
World,2012-10-15,,,325.28,325.28,0.52533,0.5015,0.547,,,0.8,,46.27147442,46.27147,,1814.72,1809.9,392.16,393.59
World,2012-10-16,,,,,,,,,,,,,,5165675,,,,
World,2012-11-15,,,325.43,325.35,0.51248,0.488,0.535,,,0.79,,,,,1815.86,1810.28,393.56,393.73
World,2012-11-16,,,,,,,,,,,,,,8531001,,,,
World,2012-12-15,,,325.53,325.43,0.43406,0.4085,0.4565,,,0.54,,,,,1814.62,1810.64,394.39,393.82
World,2012-12-16,,,,,,,,,,,,,,10924078,,,,
World,2013-01-15,,,325.58,325.5,0.37743,0.3505,0.4,,,0.71,,44.80457051,44.80457,,1814.13,1810.99,395.07,394.08
World,2013-01-16,,,,,,,,,,,,,,12552987,,,,
World,2013-02-15,,,325.62,325.57,0.41067,0.3855,0.4345,,,0.63,,,,,1814.22,1811.32,395.7,394.34
World,2013-02-16,,,,,,,,,,,,,,13572089,,,,
World,2013-03-15,,,325.68,325.65,0.39742,0.371,0.42,,,0.67,,,,,1813.3,1811.64,396.29,394.66
World,2013-03-16,,,,,,,,,,,,,,13766333,,,,
World,2013-04-15,,,325.74,325.72,0.43457,0.408,0.458,,,0.54,,44.57791577,44.57792,,1812.8,1811.97,396.74,394.94
World,2013-04-16,,,,,,,,,,,,,,13009062,,,,
World,2013-05-15,,,325.81,325.8,0.47614,0.452,0.499,,,0.61,,,,,1811.88,1812.32,396.75,395.13
World,2013-05-16,,,,,,,,,,,,,,11560204,,,,
World,2013-06-15,,,325.89,325.88,0.41605,0.3915,0.4385,,,0.69,,,,,1808.46,1812.69,395.95,395.44
World,2013-06-16,,,,,,,,,,,,,,9265859,,,,
World,2013-07-15,,,325.95,325.96,0.57561,0.551,0.599,,,0.6,,41.33798668,41.33799,,1805.68,1813.1,394.46,395.82
World,2013-07-16,,,,,,,,,,,,,,6132131,,,,
World,2013-08-15,,,325.98,326.05,0.57897,0.5555,0.6005,,,0.69,,,,,1808.37,1813.57,393.23,396.01
World,2013-08-16,,,,,,,,,,,,,,4494706,,,,
World,2013-09-15,,,326.05,326.14,0.55462,0.53,0.577,,,0.77,,,,,1814.3,1814.09,393.2,395.88
World,2013-09-16,,,,,,,,,,,,,,4196293,,,,
World,2013-10-15,,,326.2,326.23,0.48511,0.4605,0.5075,,,0.69,,37.3871177,37.38712,,1818.55,1814.68,394.5,395.93
World,2013-10-16,,,,,,,,,,,,,,6496189,,,,
World,2013-11-15,,,326.37,326.32,0.53781,0.5125,0.5615,,,0.84,,,,,1820.37,1815.36,395.96,396.15
World,2013-11-16,,,,,,,,,,,,,,8988254,,,,
World,2013-12-15,,,326.51,326.42,0.43694,0.4115,0.4595,,,0.7,,,,,1819.4,1816.11,396.87,396.34
World,2013-12-16,,,,,,,,,,,,,,11121739,,,,
World,2014-01-15,,,326.61,326.52,0.42842,0.4015,0.452,,,0.76,,41.26864169,41.26864,,1816.89,1816.97,397.51,396.45
World,2014-01-16,,,,,,,,,,,,,,12447541,,,,
World,2014-02-15,,,326.66,326.62,0.41518,0.39,0.439,,,0.55,,,,,1816.4,1817.85,397.97,396.53
World,2014-02-16,,,,,,,,,,,,,,13023177,,,,
World,2014-03-15,,,326.72,326.72,0.44835,0.422,0.471,,,0.78,,,,,1818.11,1818.81,398.27,396.6
World,2014-03-16,,,,,,,,,,,,,,13277964,,,,
World,2014-04-15,,,326.79,326.83,0.55789,0.532,0.5815,,,0.8,,48.81691195,48.81691,,1820.88,1819.85,398.63,396.78
World,2014-04-16,,,,,,,,,,,,,,12671208,,,,
World,2014-05-15,,,326.82,326.94,0.58253,0.558,0.6055,,,0.86,,,,,1821.95,1820.95,398.69,397.03
World,2014-05-16,,,,,,,,,,,,,,11300674,,,,
World,2014-06-15,,,326.89,327.04,0.65035,0.625,0.674,,,0.67,,,,,1818.41,1822.07,397.72,397.16
World,2014-06-16,,,,,,,,,,,,,,9023005,,,,
World,2014-07-15,,,327.03,327.15,0.64119,0.618,0.663,,,0.58,,53.85737212,53.85737,,1815.6,1823.22,396.13,397.45
World,2014-07-16,,,,,,,,,,,,,,6475896,,,,
World,2014-08-15,,,327.18,327.26,0.73719,0.7135,0.759,,,0.83,,,,,1819.82,1824.39,395.02,397.84
World,2014-08-16,,,,,,,,,,,,,,4582572,,,,
World,2014-09-15,,,327.33,327.37,0.71373,0.691,0.7355,,,0.87,,,,,1826.97,1825.52,395.12,397.89
World,2014-09-16,,,,,,,,,,,,,,4216556,,,,
World,2014-10-15,,,327.52,327.47,0.62964,0.606,0.6525,,,0.81,,55.67588286,55.67588,,1831.25,1826.64,396.38,397.91
World,2014-10-16,,,,,,,,,,,,,,6225059,,,,
World,2014-11-15,,,327.71,327.57,0.56137,0.536,0.585,,,0.67,,,,,1833.09,1827.72,397.86,398.16
World,2014-11-16,,,,,,,,,,,,,,9152581,,,,
World,2014-12-15,,,327.87,327.67,0.55082,0.525,0.573,,,0.78,,,,,1833.54,1828.77,398.84,398.35
World,2014-12-16,,,,,,,,,,,,,,11192174,,,,
World,2015-01-15,,,327.99,327.76,0.55126,0.5245,0.574,,,0.86,,53.2645778,53.26458,,1832.89,1829.79,399.56,398.52
World,2015-01-16,,,,,,,,,,,,,,12426401,,,,
World,2015-02-15,,,328.05,327.85,0.51858,0.4925,0.542,,,0.91,,,,,1832.73,1830.73,400.12,398.68
World,2015-02-16,,,,,,,,,,,,,,13122503,,,,
World,2015-03-15,,,328.04,327.94,0.54056,0.514,0.564,,,0.96,,,,,1833.07,1831.62,400.57,398.86
World,2015-03-16,,,,,,,,,,,,,,12982028,,,,
World,2015-04-15,,,327.97,328.02,0.66701,0.641,0.6905,,,0.76,,50.08209017,50.08209,,1833.19,1832.52,400.96,399.09
World,2015-04-16,,,,,,,,,,,,,,12408361,,,,
World,2015-05-15,,,327.92,328.1,0.6901,0.665,0.7135,,,0.8,,,,,1831.79,1833.38,400.91,399.26
World,2015-05-16,,,,,,,,,,,,,,10994062,,,,
World,2015-06-15,,,327.96,328.18,0.67988,0.655,0.703,,,0.81,,,,,1827.37,1834.22,400.06,399.5
World,2015-06-16,,,,,,,,,,,,,,8954956,,,,
World,2015-07-15,,,328.04,328.25,0.75634,0.7335,0.778,,,0.73,,50.46170567,50.46171,,1824.8,1835.03,398.37,399.66
World,2015-07-16,,,,,,,,,,,,,,6505972,,,,
World,2015-08-15,,,328.12,328.33,0.7579,0.7345,0.7795,,,0.81,,,,,1829.16,1835.85,397.06,399.85
World,2015-08-16,,,,,,,,,,,,,,4152267,,,,
World,2015-09-15,,,328.24,328.4,0.82941,0.8065,0.8505,,,0.85,,,,,1836.23,1836.63,397.34,400.14
World,2015-09-16,,,,,,,,,,,,,,3921370,,,,
World,2015-10-15,,,328.42,328.46,0.79933,0.776,0.821,,,1.09,,54.90935276,54.90935,,1841.49,1837.41,398.8,400.37
World,2015-10-16,,,,,,,,,,,,,,6063784,,,,
World,2015-11-15,,,328.61,328.53,0.78759,0.7635,0.8105,,,1.06,,,,,1844.75,1838.17,400.37,400.68
World,2015-11-16,,,,,,,,,,,,,,8796126,,,,
World,2015-12-15,,,328.77,328.59,0.82739,0.803,0.85,,,1.16,,,,,1844.88,1838.92,401.66,401.18
World,2015-12-16,,,,,,,,,,,,,,10779841,,,,
World,2016-01-15,,,328.87,328.65,0.8346,0.8095,0.858,,,1.17,,58.72328655,58.72329,,1842.38,1839.68,402.63,401.61
World,2016-01-16,,,,,,,,,,,,,,12118278,,,,
World,2016-02-15,,,328.9,328.7,0.72615,0.701,0.7495,,,1.37,,,,,1841.64,1840.37,403.27,401.87
World,2016-02-16,,,,,,,,,,,,,,12725567,,,,
World,2016-03-15,,,328.88,328.76,0.80794,0.782,0.831,,,1.36,,,,,1843.01,1841.03,403.86,402.19
World,2016-03-16,,,,,,,,,,,,,,13007693,,,,
World,2016-04-15,,,328.87,328.81,0.75777,0.733,0.782,,,1.1,,56.71159225,56.71159,,1843.72,1841.71,404.38,402.52
World,2016-04-16,,,,,,,,,,,,,,12165232,,,,
World,2016-05-15,,,328.9,328.87,0.70494,0.6805,0.729,,,0.95,,,,,1842.13,1842.35,404.44,402.79
World,2016-05-16,,,,,,,,,,,,,,10478787,,,,
World,2016-06-15,,,328.91,328.92,0.72439,0.7,0.7475,,,0.8,,,,,1837.87,1842.95,403.65,403.06
World,2016-06-16,,,,,,,,,,,,,,8544511,,,,
World,2016-07-15,,,328.84,328.97,0.76817,0.746,0.79,,,0.84,,54.34696367,54.34696,,1834.15,1843.53,402.11,403.33
World,2016-07-16,,,,,,,,,,,,,,6002690,,,,
World,2016-08-15,,,328.78,329.02,0.75802,0.7355,0.779,,,1.02,,,,,1836.68,1844.1,400.8,403.54
World,2016-08-16,,,,,,,,,,,,,,3776180,,,,
World,2016-09-15,,,328.85,329.08,0.69842,0.6755,0.72,,,0.91,,,,,1844.21,1844.63,400.97,403.77
World,2016-09-16,,,,,,,,,,,,,,3517546,,,,
World,2016-10-15,,,329.04,329.13,0.7092,0.686,0.7305,,,0.89,,55.54100329,55.541,,1849.86,1845.14,402.41,404.01
World,2016-10-16,,,,,,,,,,,,,,5080819,,,,
World,2016-11-15,,,329.22,329.19,0.58271,0.558,0.605,,,0.92,,,,,1851.42,1845.64,403.78,404.11
World,2016-11-16,,,,,,,,,,,,,,7636443,,,,
World,2016-12-15,,,329.35,329.25,0.56112,0.538,0.584,,,0.87,,,,,1851.1,1846.12,404.68,404.2
World,2016-12-16,,,,,,,,,,,,,,10118205,,,,
World,2017-01-15,,,329.46,329.31,0.62426,0.6005,0.6475,,,1.02,,54.96168128,54.96168,,1849.8,1846.62,405.32,404.24
World,2017-01-16,,,,,,,,,,,,,,11832994,,,,
World,2017-02-15,,,329.52,329.37,0.66555,0.6405,0.689,,,1.14,,,,,1848.55,1847.09,405.91,404.47
World,2017-02-16,,,,,,,,,,,,,,12768599,,,,
World,2017-03-15,,,329.53,329.44,0.66514,0.6395,0.688,,,1.16,,,,,1848.33,1847.58,406.32,404.63
World,2017-03-16,,,,,,,,,,,,,,12936199,,,,
World,2017-04-15,,,329.53,329.51,0.72188,0.6985,0.745,,,0.94,,55.6123727,55.61237,,1848.6,1848.09,406.61,404.73
World,2017-04-16,,,,,,,,,,,,,,12399984,,,,
World,2017-05-15,,,329.52,329.59,0.65802,0.634,0.681,,,0.92,,,,,1847.18,1848.61,406.65,405
World,2017-05-16,,,,,,,,,,,,,,11108304,,,,
World,2017-06-15,,,329.58,329.67,0.65395,0.63,0.677,,,0.72,,,,,1842.99,1849.16,405.86,405.28
World,2017-06-16,,,,,,,,,,,,,,8848575,,,,
World,2017-07-15,,,329.7,329.76,0.70197,0.68,0.7235,,,0.82,,57.35599133,57.35599,,1840.38,1849.73,404.11,405.38
World,2017-07-16,,,,,,,,,,,,,,6333582,,,,
World,2017-08-15,,,329.79,329.85,0.74569,0.723,0.7665,,,0.87,,,,,1844.65,1850.33,402.57,405.39
World,2017-08-16,,,,,,,,,,,,,,4024723,,,,
World,2017-09-15,,,329.87,329.94,0.6185,0.597,0.64,,,0.77,,,,,1852.8,1850.94,402.66,405.51
World,2017-09-16,,,,,,,,,,,,,,3873521,,,,
World,2017-10-15,,,330.01,330.04,0.63136,0.609,0.654,,,0.9,,52.51951993,52.51952,,1858.08,1851.57,404.16,405.74
World,2017-10-16,,,,,,,,,,,,,,5844763,,,,
World,2017-11-15,,,330.15,330.14,0.57322,0.5495,0.597,,,0.89,,,,,1858.69,1852.23,405.7,406
World,2017-11-16,,,,,,,,,,,,,,8529597,,,,
World,2017-12-15,,,330.29,330.24,0.47841,0.4555,0.5,,,0.93,,,,,1856.67,1852.9,406.75,406.24
World,2017-12-16,,,,,,,,,,,,,,10674096,,,,
World,2018-01-15,,,330.45,330.35,0.51155,0.488,0.5345,,,0.82,,49.37085909,49.37086,,1854.46,1853.6,407.56,406.51
World,2018-01-16,,,,,,,,,,,,,,12004053,,,,
World,2018-02-15,,,330.6,330.45,0.48452,0.46,0.508,,,0.85,,,,,1854.96,1854.29,408.24,406.85
World,2018-02-16,,,,,,,,,,,,,,12648041,,,,
World,2018-03-15,,,330.69,330.56,0.55747,0.533,0.5805,,,0.88,,,,,1856.87,1854.98,408.77,407.11
World,2018-03-16,,,,,,,,,,,,,,13034172,,,,
World,2018-04-15,,,330.71,330.66,0.59743,0.5745,0.621,,,0.89,,52.57545138,52.57545,,1856.65,1855.71,409.08,407.25
World,2018-04-16,,,,,,,,,,,,,,12432285,,,,
World,2018-05-15,,,330.7,330.77,0.63019,0.6065,0.6535,,,0.83,,,,,1854.79,1856.45,408.94,407.31
World,2018-05-16,,,,,,,,,,,,,,10952324,,,,
World,2018-06-15,,,330.7,330.87,0.60652,0.5815,0.6305,,,0.77,,,,,1852,1857.18,408.06,407.46
World,2018-06-16,,,,,,,,,,,,,,8995439,,,,
World,2018-07-15,,,330.74,330.97,0.60473,0.5825,0.626,,,0.82,,53.08512198,53.08512,,1849.03,1857.92,406.47,407.75
World,2018-07-16,,,,,,,,,,,,,,6318409,,,,
World,2018-08-15,,,330.87,331.07,0.65711,0.634,0.679,,,0.77,,,,,1851.87,1858.67,405.1,407.94
World,2018-08-16,,,,,,,,,,,,,,4175546,,,,
World,2018-09-15,,,331.07,331.17,0.65663,0.6345,0.6775,,,0.8,,,,,1860.46,1859.41,405.17,408.02
World,2018-09-16,,,,,,,,,,,,,,3816021,,,,
World,2018-10-15,,,331.28,331.25,0.68747,0.665,0.709,,,1.02,,53.30166183,53.30166,,1865.73,1860.14,406.65,408.2
World,2018-10-16,,,,,,,,,,,,,,5102105,,,,
World,2018-11-15,,,331.48,331.34,0.71479,0.692,0.7375,,,0.83,,,,,1866.24,1860.86,408.13,408.34
World,2018-11-16,,,,,,,,,,,,,,8936235,,,,
World,2018-12-15,,,331.68,331.42,0.68851,0.6665,0.7105,,,0.92,,,,,1866.01,1861.58,409.18,408.59
World,2018-12-16,,,,,,,,,,,,,,10871609,,,,
World,2019-01-15,,,331.79,331.5,0.64445,0.6205,0.668,,,0.93,,56.6074862,56.60749,,1864.98,1862.3,409.92,408.9
World,2019-01-16,,,,,,,,,,,,,,12455218,,,,
World,2019-02-15,,,331.75,331.57,0.66093,0.6365,0.6835,,,0.95,,,,,1864.97,1862.99,410.35,408.98
World,2019-02-16,,,,,,,,,,,,,,13106277,,,,
World,2019-03-15,,,331.67,331.63,0.70582,0.6785,0.727,,,1.17,,,,,1866.27,1863.68,410.89,409.25
World,2019-03-16,,,,,,,,,,,,,,13207914,,,,
World,2019-04-15,,,331.62,331.7,0.69814,0.674,0.7205,,,1.02,,58.67190583,58.67191,,1865.28,1864.41,411.33,409.51
World,2019-04-16,,,,,,,,,,,,,,12114492,,,,
World,2019-05-15,,,331.64,331.77,0.65642,0.631,0.679,,,0.85,,,,,1861.91,1865.14,411.34,409.7
World,2019-05-16,,,,,,,,,,,,,,10721036,,,,
World,2019-06-15,,,331.73,331.84,0.66425,0.6395,0.6865,,,0.91,,,,,1858.83,1865.89,410.53,409.93
World,2019-06-16,,,,,,,,,,,,,,8576757,,,,
World,2019-07-15,,,331.85,331.91,0.80573,0.7825,0.8305,,,0.94,,61.39371322,61.39371,,1858.42,1866.67,408.88,410.15
World,2019-07-16,,,,,,,,,,,,,,5910781,,,,
World,2019-08-15,,,331.89,331.98,0.82872,0.8045,0.8515,,,0.95,,,,,1862.99,1867.49,407.65,410.47
World,2019-08-16,,,,,,,,,,,,,,3729265,,,,
World,2019-09-15,,,331.93,332.06,0.73526,0.712,0.7595,,,0.93,,,,,1870.75,1868.33,407.92,410.76
World,2019-09-16,,,,,,,,,,,,,,3623008,,,,
World,2019-10-15,,,332.08,332.14,0.74281,0.719,0.765,,,1.01,,67.2498485,67.24985,,1875.37,1869.22,409.44,410.97
World,2019-10-16,,,,,,,,,,,,,,4947815,,,,
World,2019-11-15,,,332.27,332.23,0.74774,0.722,0.7725,,,1,,,,,1875.56,1870.15,410.87,411.06
World,2019-11-16,,,,,,,,,,,,,,8429729,,,,
World,2019-12-15,,,332.42,332.32,0.71392,0.6895,0.737,,,1.09,,,,,1874.68,1871.12,411.76,411.17
World,2019-12-16,,,,,,,,,,,,,,10891327,,,,
World,2020-01-15,,,332.51,332.42,0.77289,0.7475,0.7975,,,1.18,,68.81162977,68.81163,,1873.12,1872.18,412.43,411.33
World,2020-01-16,,,,,,,,,,,,,,12473416,,,,
World,2020-02-15,,,332.58,332.52,0.72363,0.6975,0.7485,,,1.25,,,,,1872.74,1873.22,412.95,411.52
World,2020-02-16,,,,,,,,,,,,,,13294179,,,,
World,2020-03-15,,,332.64,332.63,0.79024,0.763,0.8145,,,1.17,,,,,1874.74,1874.3,413.44,411.78
World,2020-03-16,,,,,,,,,,,,,,13354668,,,,
World,2020-04-15,,,332.72,332.74,0.77147,0.746,0.7965,,,1.13,,66.73996192,66.73996,,1875.85,1875.48,413.86,412.04
World,2020-04-16,,,,,,,,,,,,,,12370390,,,,
World,2020-05-15,,,332.79,332.85,0.71318,0.687,0.739,,,1.02,,,,,1874.32,1876.69,413.81,412.18
World,2020-05-16,,,,,,,,,,,,,,10811821,,,,
World,2020-06-15,,,332.89,332.97,0.69025,0.664,0.715,,,0.92,,,,,1871.9,1877.93,412.88,412.31
World,2020-06-16,,,,,,,,,,,,,,8673854,,,,
World,2020-07-15,,,333.04,333.08,0.76132,0.7355,0.784,,,0.9,,66.70432506,66.70433,,1871.48,1879.22,411.17,412.46
World,2020-07-16,,,,,,,,,,,,,,5838979,,,,
World,2020-08-15,,,333.17,333.2,0.82206,0.798,0.844,,,0.88,,,,,1876.52,1880.56,409.73,412.59
World,2020-08-16,,,,,,,,,,,,,,3522721,,,,
World,2020-09-15,,,333.27,333.32,0.68883,0.6655,0.7125,,,0.99,,,,,1884.7,1881.91,410,412.86
World,2020-09-16,,,,,,,,,,,,,,3275475,,,,
World,2020-10-15,,,333.43,333.43,0.63366,0.609,0.657,,,0.89,,61.74303963,61.74304,,1890.09,1883.29,411.66,413.23
World,2020-10-16,,,,,,,,,,,,,,4567936,,,,
World,2020-11-15,,,333.63,333.54,0.60219,0.576,0.6265,,,1.11,,,,,1891.91,1884.69,413.25,413.48
World,2020-11-16,,,,,,,,,,,,,,8020700,,,,
World,2020-12-15,,,333.8,333.65,0.54915,0.523,0.5725,,,0.81,,,,,1891.81,1886.12,414.14,413.54
World,2020-12-16,,,,,,,,,,,,,,10684272,,,,
World,2021-01-15,,,333.92,333.76,0.51858,0.49,0.5435,,,0.81,,,,,1889.52,1887.59,414.74,413.65
World,2021-01-16,,,,,,,,,,,,,,12281489,,,,
World,2021-02-15,,,334,333.87,0.4962,0.4695,0.5205,,,0.64,,,,,1887.57,1889.01,415.21,413.79
World,2021-02-16,,,,,,,,,,,,,,13154279,,,,
World,2021-03-15,,,334.05,333.97,0.55531,0.5265,0.5785,,,0.89,,,,,1888.74,1890.44,415.51,413.84
World,2021-03-16,,,,,,,,,,,,,,13372241,,,,
World,2021-04-15,,,334.1,334.08,0.60388,0.5775,0.6265,,,0.76,,,,,1891.22,1891.93,415.82,413.99
World,2021-04-16,,,,,,,,,,,,,,12461571,,,,
World,2021-05-15,,,334.14,334.18,0.64274,0.6155,0.6655,,,0.79,,,,,1891.61,1893.43,416.01,414.39
World,2021-05-16,,,,,,,,,,,,,,11095108,,,,
World,2021-06-15,,,334.16,334.29,0.6351,0.608,0.6585,,,0.84,,,,,1888.48,1894.92,415.2,414.62
World,2021-06-16,,,,,,,,,,,,,,8688039,,,,
World,2021-07-15,,,334.18,334.4,0.73084,0.705,0.7535,,,0.92,,,,,1886.34,1896.42,413.45,414.74
World,2021-07-16,,,,,,,,,,,,,,6212782,,,,
World,2021-08-15,,,334.27,334.5,0.72425,0.698,0.745,,,0.82,,,,,1892.59,1897.92,412.16,415.01
World,2021-08-16,,,,,,,,,,,,,,4211089,,,,
World,2021-09-15,,,334.44,334.61,0.71273,0.688,0.733,,,0.93,,,,,1902.65,1899.4,412.38,415.25
World,2021-09-16,,,,,,,,,,,,,,3955885,,,,
World,2021-10-15,,,334.64,334.72,0.69087,0.6645,0.7125,,,1,,,,,1907.99,1900.85,413.84,415.41
World,2021-10-16,,,,,,,,,,,,,,5996719,,,,
World,2021-11-15,,,334.87,334.83,0.68133,0.6535,0.7045,,,0.94,,,,,1909.53,1902.29,415.59,415.82
World,2021-11-16,,,,,,,,,,,,,,8993635,,,,
World,2021-12-15,,,335.1,334.94,0.59451,0.5675,0.617,,,0.86,,,,,1908.75,1903.7,416.61,416.02
World,2021-12-16,,,,,,,,,,,,,,11156245,,,,
World,2022-01-15,,,335.27,335.06,0.64757,0.62,0.672,,,0.91,,,,,1907.32,1905.12,417.21,416.11
World,2022-01-16,,,,,,,,,,,,,,12673497,,,,
World,2022-02-15,,,335.36,335.17,0.5981,0.5715,0.6215,,,0.9,,,,,1907.68,1906.44,417.67,416.24
World,2022-02-16,,,,,,,,,,,,,,13225597,,,,
World,2022-03-15,,,335.42,335.27,0.62775,0.6,0.6505,,,1.05,,,,,1908.97,1907.74,418.05,416.39
World,2022-03-16,,,,,,,,,,,,,,13169612,,,,
World,2022-04-15,,,335.47,335.38,0.62421,0.598,0.6475,,,0.84,,,,,1909.35,1909.06,418.42,416.59
World,2022-04-16,,,,,,,,,,,,,,12730650,,,,
World,2022-05-15,,,335.49,335.49,0.64816,0.624,0.671,,,0.84,,,,,1907.73,1910.35,418.41,416.79
World,2022-05-16,,,,,,,,,,,,,,11341310,,,,
World,2022-06-15,,,335.5,335.6,0.7157,0.6915,0.737,,,0.93,,,,,1905.28,1911.63,417.5,416.93
World,2022-06-16,,,,,,,,,,,,,,8921055,,,,
World,2022-07-15,,,335.56,335.71,0.69485,0.6735,0.718,,,0.94,,,,,1904.43,1912.88,415.82,417.11
World,2022-07-16,,,,,,,,,,,,,,6431333,,,,
World,2022-08-15,,,335.65,335.81,0.7544,0.731,0.776,,,0.96,,,,,1908.73,1914.12,414.46,417.31
World,2022-08-16,,,,,,,,,,,,,,4426242,,,,
World,2022-09-15,,,335.77,335.92,0.7039,0.6805,0.726,,,0.9,,,,,1915.5,1915.32,414.59,417.45
World,2022-09-16,,,,,,,,,,,,,,3946691,,,,
World,2022-10-15,,,335.95,336.02,0.68321,0.658,0.705,,,0.97,,,,,1919.97,1916.5,416.1,417.67
World,2022-10-16,,,,,,,,,,,,,,5801734,,,,
World,2022-11-15,,,336.15,336.12,0.66262,0.637,0.6875,,,0.73,,,,,1923.65,1917.65,417.7,417.92
World,2022-11-16,,,,,,,,,,,,,,8878532,,,,
World,2022-12-15,,,336.35,336.22,0.7186,0.693,0.7415,,,0.8,,,,,1924.79,1918.76,418.72,418.12
World,2022-12-16,,,,,,,,,,,,,,10739828,,,,
World,2023-01-15,,,336.47,336.32,0.66273,0.6345,0.686,,,0.87,,,,,1922.09,1919.86,419.34,418.25
World,2023-01-16,,,,,,,,,,,,,,12151274,,,,
World,2023-02-15,,,336.53,336.41,0.66657,0.639,0.6905,,,0.98,,,,,1920.31,1920.86,419.7,418.27
World,2023-02-16,,,,,,,,,,,,,,12844085,,,,
World,2023-03-15,,,336.58,336.51,0.7899,0.7615,0.8125,,,1.21,,,,,1920.74,1921.81,420.06,418.4
World,2023-03-16,,,,,,,,,,,,,,13159003,,,,
World,2023-04-15,,,,,0.84818,0.822,0.872,,,1,,,,,,,420.54,418.72
World,2023-04-16,,,,,,,,,,,,,,12713555,,,,
World,2023-05-15,,,,,0.81879,0.7935,0.842,,,0.94,,,,,,,,
World,2023-05-16,,,,,,,,,,,,,,11346612,,,,
World,2023-06-16,,,,,,,,,,,,,,9028225,,,,